1.0,2.0,2.0,1.0,0.0
2.0,2.0,1.0,0.0,6.0
2.0,1.0,0.0,6.0,0.0
1.0,0.0,6.0,0.0,0.0
6.0,0.0,0.0,5.0,0.0
5.0,0.0,0.0,0.0,6.0
6.0,0.0,0.0,0.0,7.0
7.0,0.0,0.0,1.0,0.0
1.0,0.0,0.0,0.0,0.0
1.0,1.0,0.0,0.0,0.0
1.0,0.0,0.0,0.0,0.0
2.0,3.0,0.0,1.0,1.0
3.0,0.0,1.0,1.0,0.0
1.0,1.0,0.0,1.0,0.0
1.0,0.0,1.0,0.0,0.0
1.0,0.0,0.0,4.0,1.0
4.0,1.0,2.0,0.0,0.0
1.0,2.0,0.0,0.0,3.0
2.0,0.0,0.0,3.0,6.0
3.0,6.0,11.0,5.0,7.0
6.0,11.0,5.0,7.0,32.0
11.0,5.0,7.0,32.0,33.0
5.0,7.0,32.0,33.0,30.0
7.0,32.0,33.0,30.0,35.0
32.0,33.0,30.0,35.0,60.0
33.0,30.0,35.0,60.0,50.0
30.0,35.0,60.0,50.0,89.0
1.0,0.0,2.0,0.0,3.0
2.0,0.0,3.0,0.0,4.0
3.0,0.0,4.0,4.0,5.0
4.0,4.0,5.0,0.0,0.0
4.0,5.0,0.0,0.0,2.0
5.0,0.0,0.0,2.0,0.0
2.0,0.0,23.0,-20.0,0.0
23.0,-20.0,0.0,1.0,0.0
1.0,0.0,0.0,2.0,0.0
2.0,0.0,1.0,14.0,16.0
1.0,14.0,16.0,7.0,8.0
14.0,16.0,7.0,8.0,10.0
16.0,7.0,8.0,10.0,10.0
7.0,8.0,10.0,10.0,11.0
8.0,10.0,10.0,11.0,17.0
10.0,10.0,11.0,17.0,25.0
10.0,11.0,17.0,25.0,12.0
11.0,17.0,25.0,12.0,11.0
17.0,25.0,12.0,11.0,19.0
25.0,12.0,11.0,19.0,25.0
12.0,11.0,19.0,25.0,14.0
11.0,19.0,25.0,14.0,13.0
19.0,25.0,14.0,13.0,15.0
25.0,14.0,13.0,15.0,18.0
14.0,13.0,15.0,18.0,19.0
13.0,15.0,18.0,19.0,38.0
15.0,18.0,19.0,38.0,29.0
18.0,19.0,38.0,29.0,60.0
19.0,38.0,29.0,60.0,41.0
38.0,29.0,60.0,41.0,41.0
29.0,60.0,41.0,41.0,9.0
60.0,41.0,41.0,9.0,70.0
41.0,41.0,9.0,70.0,58.0
41.0,9.0,70.0,58.0,0.0
9.0,70.0,58.0,0.0,62.0
70.0,58.0,0.0,62.0,72.0
58.0,0.0,62.0,72.0,66.0
62.0,72.0,66.0,-14.0,53.0
72.0,66.0,-14.0,53.0,11.0
66.0,-14.0,53.0,11.0,35.0
53.0,11.0,35.0,39.0,44.0
1.0,2.0,0.0,1.0,1.0
2.0,0.0,1.0,1.0,2.0
1.0,1.0,2.0,0.0,3.0
1.0,2.0,0.0,3.0,3.0
2.0,0.0,3.0,3.0,3.0
3.0,3.0,3.0,2.0,0.0
3.0,3.0,2.0,0.0,6.0
3.0,2.0,0.0,6.0,4.0
2.0,0.0,6.0,4.0,0.0
6.0,4.0,0.0,2.0,3.0
4.0,0.0,2.0,3.0,7.0
2.0,3.0,7.0,5.0,2.0
3.0,7.0,5.0,2.0,3.0
7.0,5.0,2.0,3.0,8.0
5.0,2.0,3.0,8.0,9.0
2.0,3.0,8.0,9.0,5.0
3.0,8.0,9.0,5.0,3.0
8.0,9.0,5.0,3.0,2.0
9.0,5.0,3.0,2.0,4.0
5.0,3.0,2.0,4.0,3.0
3.0,2.0,4.0,3.0,0.0
2.0,4.0,3.0,0.0,1.0
4.0,3.0,0.0,1.0,0.0
3.0,0.0,1.0,0.0,4.0
1.0,0.0,4.0,0.0,2.0
4.0,0.0,2.0,2.0,0.0
2.0,2.0,0.0,0.0,9.0
2.0,0.0,0.0,9.0,4.0
9.0,4.0,2.0,2.0,0.0
4.0,2.0,2.0,0.0,7.0
2.0,2.0,0.0,7.0,13.0
2.0,0.0,7.0,13.0,8.0
7.0,13.0,8.0,12.0,0.0
13.0,8.0,12.0,0.0,10.0
8.0,12.0,0.0,10.0,18.0
12.0,0.0,10.0,18.0,0.0
10.0,18.0,0.0,22.0,12.0
18.0,0.0,22.0,12.0,14.0
22.0,12.0,14.0,17.0,23.0
12.0,14.0,17.0,23.0,47.0
14.0,17.0,23.0,47.0,32.0
17.0,23.0,47.0,32.0,40.0
23.0,47.0,32.0,40.0,47.0
1.0,0.0,0.0,0.0,0.0
3.0,1.0,0.0,0.0,3.0
1.0,0.0,0.0,3.0,1.0
3.0,1.0,0.0,0.0,0.0
1.0,0.0,0.0,0.0,0.0
2.0,2.0,0.0,0.0,4.0
2.0,0.0,0.0,4.0,0.0
4.0,0.0,2.0,0.0,0.0
2.0,0.0,0.0,1.0,0.0
1.0,0.0,3.0,0.0,0.0
3.0,0.0,0.0,0.0,0.0
1.0,0.0,2.0,4.0,0.0
2.0,4.0,0.0,7.0,14.0
4.0,0.0,7.0,14.0,0.0
7.0,14.0,0.0,33.0,10.0
14.0,0.0,33.0,10.0,6.0
33.0,10.0,6.0,18.0,12.0
10.0,6.0,18.0,12.0,20.0
6.0,18.0,12.0,20.0,0.0
18.0,12.0,20.0,0.0,48.0
12.0,20.0,0.0,48.0,41.0
20.0,0.0,48.0,41.0,190.0
48.0,41.0,190.0,138.0,107.0
41.0,190.0,138.0,107.0,117.0
190.0,138.0,107.0,117.0,110.0
138.0,107.0,117.0,110.0,130.0
107.0,117.0,110.0,130.0,153.0
1.0,0.0,0.0,0.0,0.0
1.0,0.0,2.0,0.0,0.0
2.0,0.0,0.0,0.0,0.0
1.0,0.0,0.0,0.0,1.0
1.0,0.0,0.0,0.0,1.0
1.0,0.0,0.0,0.0,1.0
1.0,0.0,0.0,1.0,3.0
1.0,3.0,1.0,8.0,0.0
3.0,1.0,8.0,0.0,6.0
1.0,8.0,0.0,6.0,5.0
8.0,0.0,6.0,5.0,0.0
6.0,5.0,0.0,7.0,7.0
5.0,0.0,7.0,7.0,18.0
7.0,7.0,18.0,0.0,9.0
7.0,18.0,0.0,9.0,30.0
18.0,0.0,9.0,30.0,0.0
9.0,30.0,0.0,83.0,45.0
30.0,0.0,83.0,45.0,40.0
3.0,1.0,0.0,0.0,0.0
1.0,0.0,0.0,0.0,0.0
2.0,0.0,7.0,9.0,0.0
7.0,9.0,0.0,4.0,2.0
9.0,0.0,4.0,2.0,10.0
4.0,2.0,10.0,10.0,7.0
2.0,10.0,10.0,7.0,10.0
10.0,10.0,7.0,10.0,0.0
10.0,7.0,10.0,0.0,27.0
7.0,10.0,0.0,27.0,20.0
10.0,0.0,27.0,20.0,22.0
27.0,20.0,22.0,37.0,39.0
20.0,22.0,37.0,39.0,57.0
22.0,37.0,39.0,57.0,40.0
37.0,39.0,57.0,40.0,46.0
39.0,57.0,40.0,46.0,83.0
1.0,0.0,0.0,0.0,1.0
1.0,1.0,1.0,0.0,0.0
1.0,1.0,0.0,0.0,0.0
1.0,0.0,0.0,0.0,0.0
3.0,0.0,2.0,0.0,1.0
2.0,0.0,1.0,0.0,0.0
1.0,0.0,0.0,1.0,0.0
1.0,0.0,4.0,3.0,3.0
4.0,3.0,3.0,0.0,15.0
3.0,3.0,0.0,15.0,13.0
3.0,0.0,15.0,13.0,8.0
15.0,13.0,8.0,14.0,23.0
13.0,8.0,14.0,23.0,27.0
8.0,14.0,23.0,27.0,0.0
14.0,23.0,27.0,0.0,0.0
23.0,27.0,0.0,0.0,108.0
1.0,2.0,-1.0,1.0,-1.0
2.0,-1.0,1.0,-1.0,0.0
1.0,-1.0,0.0,1.0,0.0
1.0,0.0,1.0,1.0,0.0
1.0,1.0,0.0,0.0,0.0
1.0,0.0,0.0,0.0,0.0
4.0,0.0,0.0,2.0,0.0
2.0,0.0,2.0,0.0,0.0
2.0,0.0,0.0,2.0,0.0
2.0,0.0,3.0,2.0,0.0
3.0,2.0,0.0,15.0,11.0
2.0,0.0,15.0,11.0,15.0
15.0,11.0,15.0,7.0,10.0
11.0,15.0,7.0,10.0,16.0
15.0,7.0,10.0,16.0,50.0
7.0,10.0,16.0,50.0,40.0
10.0,16.0,50.0,40.0,37.0
1.0,0.0,0.0,0.0,0.0
1.0,0.0,0.0,1.0,0.0
1.0,0.0,2.0,2.0,0.0
2.0,2.0,0.0,0.0,26.0
2.0,0.0,0.0,26.0,2.0
26.0,2.0,2.0,14.0,2.0
1.0,0.0,0.0,0.0,0.0
1.0,0.0,4.0,4.0,8.0
4.0,4.0,8.0,10.0,16.0
4.0,8.0,10.0,16.0,7.0
8.0,10.0,16.0,7.0,9.0
10.0,16.0,7.0,9.0,13.0
16.0,7.0,9.0,13.0,4.0
1.0,3.0,0.0,0.0,1.0
3.0,0.0,0.0,1.0,3.0
1.0,3.0,2.0,2.0,0.0
3.0,2.0,2.0,0.0,0.0
2.0,2.0,0.0,0.0,0.0
2.0,0.0,0.0,0.0,1.0
1.0,0.0,1.0,0.0,2.0
1.0,0.0,2.0,0.0,0.0
2.0,0.0,0.0,0.0,0.0
1.0,10.0,19.0,2.0,31.0
10.0,19.0,2.0,31.0,51.0
19.0,2.0,31.0,51.0,29.0
2.0,31.0,51.0,29.0,37.0
31.0,51.0,29.0,37.0,66.0
51.0,29.0,37.0,66.0,220.0
29.0,37.0,66.0,220.0,188.0
37.0,66.0,220.0,188.0,129.0
66.0,220.0,188.0,129.0,241.0
220.0,188.0,129.0,241.0,136.0
188.0,129.0,241.0,136.0,281.0
129.0,241.0,136.0,281.0,451.0
241.0,136.0,281.0,451.0,170.0
136.0,281.0,451.0,170.0,1597.0
281.0,451.0,170.0,1597.0,910.0
451.0,170.0,1597.0,910.0,1210.0
170.0,1597.0,910.0,1210.0,1477.0
1597.0,910.0,1210.0,1477.0,1985.0
910.0,1210.0,1477.0,1985.0,3070.0
1210.0,1477.0,1985.0,3070.0,2993.0
1477.0,1985.0,3070.0,2993.0,4528.0
1985.0,3070.0,2993.0,4528.0,2365.0
1.0,0.0,0.0,0.0,0.0
1.0,0.0,0.0,1.0,3.0
1.0,3.0,0.0,0.0,0.0
3.0,0.0,0.0,0.0,6.0
6.0,3.0,0.0,8.0,7.0
3.0,0.0,8.0,7.0,10.0
8.0,7.0,10.0,19.0,0.0
7.0,10.0,19.0,0.0,96.0
10.0,19.0,0.0,96.0,70.0
19.0,0.0,96.0,70.0,19.0
96.0,70.0,19.0,33.0,44.0
70.0,19.0,33.0,44.0,15.0
19.0,33.0,44.0,15.0,64.0
33.0,44.0,15.0,64.0,50.0
44.0,15.0,64.0,50.0,73.0
4.0,0.0,0.0,0.0,1.0
1.0,0.0,0.0,0.0,0.0
2.0,0.0,1.0,0.0,0.0
1.0,0.0,0.0,0.0,0.0
1.0,0.0,0.0,0.0,0.0
4.0,0.0,0.0,0.0,0.0
6.0,2.0,0.0,0.0,6.0
2.0,0.0,0.0,6.0,0.0
6.0,0.0,2.0,0.0,16.0
2.0,0.0,16.0,0.0,0.0
16.0,0.0,0.0,29.0,0.0
29.0,0.0,11.0,0.0,0.0
11.0,0.0,0.0,13.0,0.0
13.0,0.0,0.0,15.0,27.0
1.0,0.0,0.0,1.0,0.0
1.0,0.0,0.0,0.0,0.0
1.0,0.0,0.0,0.0,0.0
2.0,1.0,4.0,10.0,13.0
1.0,4.0,10.0,13.0,16.0
4.0,10.0,13.0,16.0,3.0
10.0,13.0,16.0,3.0,12.0
13.0,16.0,3.0,12.0,47.0
16.0,3.0,12.0,47.0,29.0
3.0,12.0,47.0,29.0,2.0
12.0,47.0,29.0,2.0,45.0
47.0,29.0,2.0,45.0,15.0
29.0,2.0,45.0,15.0,15.0
2.0,45.0,15.0,15.0,13.0
45.0,15.0,15.0,13.0,77.0
1.0,0.0,0.0,1.0,1.0
1.0,1.0,0.0,0.0,0.0
1.0,0.0,0.0,0.0,0.0
2.0,0.0,23.0,2.0,1.0
23.0,2.0,1.0,3.0,5.0
2.0,1.0,3.0,5.0,4.0
1.0,3.0,5.0,4.0,13.0
3.0,5.0,4.0,13.0,6.0
5.0,4.0,13.0,6.0,11.0
4.0,13.0,6.0,11.0,9.0
13.0,6.0,11.0,9.0,20.0
6.0,11.0,9.0,20.0,11.0
11.0,9.0,20.0,11.0,6.0
9.0,20.0,11.0,6.0,23.0
20.0,11.0,6.0,23.0,14.0
11.0,6.0,23.0,14.0,38.0
6.0,23.0,14.0,38.0,50.0
23.0,14.0,38.0,50.0,86.0
2.0,0.0,0.0,0.0,0.0
1.0,0.0,0.0,0.0,0.0
17.0,42.0,93.0,74.0,93.0
42.0,93.0,74.0,93.0,131.0
93.0,74.0,93.0,131.0,202.0
74.0,93.0,131.0,202.0,233.0
93.0,131.0,202.0,233.0,240.0
131.0,202.0,233.0,240.0,566.0
202.0,233.0,240.0,566.0,342.0
233.0,240.0,566.0,342.0,466.0
240.0,566.0,342.0,466.0,587.0
566.0,342.0,466.0,587.0,769.0
342.0,466.0,587.0,769.0,778.0
466.0,587.0,769.0,778.0,1247.0
587.0,769.0,778.0,1247.0,1492.0
769.0,778.0,1247.0,1492.0,1797.0
778.0,1247.0,1492.0,1797.0,977.0
1247.0,1492.0,1797.0,977.0,2313.0
1492.0,1797.0,977.0,2313.0,0.0
1797.0,977.0,2313.0,0.0,5198.0
977.0,2313.0,0.0,5198.0,3497.0
2313.0,0.0,5198.0,3497.0,3590.0
5198.0,3497.0,3590.0,3233.0,3526.0
3497.0,3590.0,3233.0,3526.0,4207.0
3590.0,3233.0,3526.0,4207.0,5322.0
3233.0,3526.0,4207.0,5322.0,5986.0
3526.0,4207.0,5322.0,5986.0,6557.0
1.0,0.0,0.0,0.0,0.0
1.0,5.0,0.0,5.0,2.0
5.0,0.0,5.0,2.0,1.0
5.0,2.0,1.0,6.0,14.0
2.0,1.0,6.0,14.0,59.0
1.0,6.0,14.0,59.0,7.0
6.0,14.0,59.0,7.0,60.0
14.0,59.0,7.0,60.0,42.0
59.0,7.0,60.0,42.0,45.0
7.0,60.0,42.0,45.0,107.0
60.0,42.0,45.0,107.0,145.0
42.0,45.0,107.0,145.0,99.0
45.0,107.0,145.0,99.0,215.0
107.0,145.0,99.0,215.0,147.0
145.0,99.0,215.0,147.0,61.0
99.0,215.0,147.0,61.0,81.0
215.0,147.0,61.0,81.0,87.0
147.0,61.0,81.0,87.0,89.0
61.0,81.0,87.0,89.0,160.0
81.0,87.0,89.0,160.0,200.0
87.0,89.0,160.0,200.0,124.0
1.0,0.0,0.0,0.0,0.0
1.0,0.0,0.0,0.0,0.0
4.0,7.0,2.0,17.0,13.0
7.0,2.0,17.0,13.0,39.0
2.0,17.0,13.0,39.0,36.0
17.0,13.0,39.0,36.0,45.0
13.0,39.0,36.0,45.0,57.0
39.0,36.0,45.0,57.0,37.0
36.0,45.0,57.0,37.0,141.0
45.0,57.0,37.0,141.0,100.0
57.0,37.0,141.0,100.0,173.0
37.0,141.0,100.0,173.0,400.0
141.0,100.0,173.0,400.0,622.0
100.0,173.0,400.0,622.0,582.0
173.0,400.0,622.0,582.0,0.0
400.0,622.0,582.0,0.0,2955.0
622.0,582.0,0.0,2955.0,1159.0
582.0,0.0,2955.0,1159.0,1407.0
2955.0,1159.0,1407.0,2144.0,1806.0
1159.0,1407.0,2144.0,1806.0,2162.0
1407.0,2144.0,1806.0,2162.0,4053.0
2144.0,1806.0,2162.0,4053.0,2447.0
1806.0,2162.0,4053.0,2447.0,4964.0
1.0,1.0,0.0,0.0,0.0
1.0,0.0,0.0,0.0,0.0
1.0,0.0,0.0,0.0,2.0
2.0,0.0,2.0,0.0,0.0
2.0,0.0,0.0,0.0,0.0
2.0,0.0,7.0,3.0,1.0
7.0,3.0,1.0,9.0,0.0
3.0,1.0,9.0,0.0,8.0
1.0,9.0,0.0,8.0,5.0
9.0,0.0,8.0,5.0,8.0
1.0,0.0,0.0,0.0,0.0
1.0,6.0,5.0,10.0,27.0
6.0,5.0,10.0,27.0,59.0
5.0,10.0,27.0,59.0,60.0
10.0,27.0,59.0,60.0,31.0
27.0,59.0,60.0,31.0,39.0
59.0,60.0,31.0,39.0,28.0
60.0,31.0,39.0,28.0,47.0
31.0,39.0,28.0,47.0,0.0
39.0,28.0,47.0,0.0,245.0
28.0,47.0,0.0,245.0,130.0
47.0,0.0,245.0,130.0,197.0
245.0,130.0,197.0,172.0,185.0
130.0,197.0,172.0,185.0,243.0
197.0,172.0,185.0,243.0,309.0
172.0,185.0,243.0,309.0,462.0
185.0,243.0,309.0,462.0,558.0
1.0,0.0,0.0,0.0,0.0
1.0,0.0,0.0,0.0,1.0
1.0,12.0,0.0,34.0,6.0
12.0,0.0,34.0,6.0,4.0
34.0,6.0,4.0,1.0,7.0
6.0,4.0,1.0,7.0,13.0
4.0,1.0,7.0,13.0,29.0
1.0,7.0,13.0,29.0,1.0
7.0,13.0,29.0,1.0,40.0
13.0,29.0,1.0,40.0,46.0
29.0,1.0,40.0,46.0,0.0
1.0,40.0,46.0,0.0,60.0
40.0,46.0,0.0,60.0,29.0
46.0,0.0,60.0,29.0,9.0
4.0,3.0,0.0,0.0,0.0
3.0,0.0,0.0,0.0,0.0
1.0,0.0,-8.0,0.0,0.0
1.0,0.0,0.0,0.0,0.0
1.0,0.0,0.0,2.0,6.0
2.0,6.0,3.0,0.0,0.0
6.0,3.0,0.0,0.0,3.0
3.0,0.0,0.0,3.0,6.0
3.0,6.0,0.0,10.0,0.0
6.0,0.0,10.0,0.0,9.0
10.0,0.0,9.0,20.0,0.0
9.0,20.0,0.0,16.0,16.0
20.0,0.0,16.0,16.0,17.0
16.0,16.0,17.0,-11.0,21.0
16.0,17.0,-11.0,21.0,13.0
17.0,-11.0,21.0,13.0,24.0
21.0,13.0,24.0,6.0,24.0
1.0,0.0,4.0,2.0,0.0
4.0,2.0,0.0,6.0,6.0
2.0,0.0,6.0,6.0,7.0
6.0,6.0,7.0,6.0,3.0
6.0,7.0,6.0,3.0,0.0
7.0,6.0,3.0,0.0,5.0
6.0,3.0,0.0,5.0,14.0
3.0,0.0,5.0,14.0,6.0
5.0,14.0,6.0,0.0,11.0
14.0,6.0,0.0,11.0,0.0
6.0,0.0,11.0,0.0,0.0
11.0,0.0,0.0,30.0,9.0
30.0,9.0,6.0,8.0,30.0
9.0,6.0,8.0,30.0,10.0
6.0,8.0,30.0,10.0,28.0
8.0,30.0,10.0,28.0,16.0
30.0,10.0,28.0,16.0,6.0
2.0,0.0,2.0,0.0,0.0
2.0,0.0,0.0,2.0,0.0
2.0,0.0,0.0,6.0,3.0
6.0,3.0,1.0,0.0,0.0
3.0,1.0,0.0,0.0,0.0
1.0,0.0,0.0,0.0,0.0
2.0,0.0,0.0,1.0,0.0
1.0,0.0,3.0,0.0,2.0
3.0,0.0,2.0,15.0,9.0
2.0,15.0,9.0,0.0,4.0
1.0,0.0,0.0,0.0,0.0
3.0,0.0,1.0,2.0,0.0
1.0,2.0,0.0,0.0,4.0
2.0,0.0,0.0,4.0,5.0
4.0,5.0,5.0,1.0,0.0
5.0,5.0,1.0,0.0,0.0
5.0,1.0,0.0,0.0,2.0
1.0,0.0,0.0,2.0,0.0
1.0,22.0,10.0,0.0,3.0
22.0,10.0,0.0,3.0,5.0
10.0,0.0,3.0,5.0,6.0
3.0,5.0,6.0,2.0,0.0
5.0,6.0,2.0,0.0,3.0
6.0,2.0,0.0,3.0,3.0
2.0,0.0,3.0,3.0,5.0
3.0,3.0,5.0,25.0,0.0
3.0,5.0,25.0,0.0,10.0
5.0,25.0,0.0,10.0,15.0
25.0,0.0,10.0,15.0,85.0
10.0,15.0,85.0,0.0,-6.0
15.0,85.0,0.0,-6.0,21.0
85.0,0.0,-6.0,21.0,4.0
21.0,4.0,0.0,14.0,28.0
4.0,0.0,14.0,28.0,22.0
14.0,28.0,22.0,7.0,20.0
1.0,10.0,15.0,17.0,2.0
10.0,15.0,17.0,2.0,0.0
15.0,17.0,2.0,0.0,0.0
17.0,2.0,0.0,0.0,11.0
2.0,0.0,0.0,11.0,0.0
11.0,0.0,0.0,2.0,0.0
2.0,0.0,3.0,3.0,0.0
3.0,3.0,0.0,5.0,3.0
3.0,0.0,5.0,3.0,8.0
5.0,3.0,8.0,0.0,24.0
3.0,8.0,0.0,24.0,8.0
8.0,0.0,24.0,8.0,11.0
24.0,8.0,11.0,7.0,12.0
8.0,11.0,7.0,12.0,6.0
11.0,7.0,12.0,6.0,11.0
7.0,12.0,6.0,11.0,17.0
1.0,0.0,0.0,0.0,0.0
2.0,2.0,7.0,0.0,5.0
2.0,7.0,0.0,5.0,0.0
7.0,0.0,5.0,0.0,2.0
5.0,0.0,2.0,1.0,0.0
2.0,1.0,0.0,0.0,4.0
1.0,0.0,0.0,4.0,2.0
4.0,2.0,11.0,11.0,6.0
2.0,11.0,11.0,6.0,6.0
11.0,11.0,6.0,6.0,14.0
11.0,6.0,6.0,14.0,13.0
6.0,6.0,14.0,13.0,3.0
6.0,14.0,13.0,3.0,49.0
1.0,2.0,0.0,2.0,1.0
2.0,0.0,2.0,1.0,1.0
2.0,1.0,1.0,0.0,2.0
1.0,1.0,0.0,2.0,1.0
1.0,0.0,2.0,1.0,0.0
2.0,1.0,0.0,1.0,1.0
1.0,0.0,1.0,1.0,0.0
1.0,1.0,0.0,0.0,2.0
1.0,0.0,0.0,2.0,5.0
2.0,5.0,0.0,13.0,6.0
5.0,0.0,13.0,6.0,11.0
13.0,6.0,11.0,8.0,8.0
6.0,11.0,8.0,8.0,16.0
11.0,8.0,8.0,16.0,24.0
8.0,8.0,16.0,24.0,23.0
8.0,16.0,24.0,23.0,78.0
1.0,0.0,7.0,0.0,10.0
7.0,0.0,10.0,9.0,15.0
10.0,9.0,15.0,14.0,34.0
9.0,15.0,14.0,34.0,24.0
15.0,14.0,34.0,24.0,100.0
14.0,34.0,24.0,100.0,54.0
34.0,24.0,100.0,54.0,69.0
24.0,100.0,54.0,69.0,37.0
100.0,54.0,69.0,37.0,117.0
54.0,69.0,37.0,117.0,161.0
69.0,37.0,117.0,161.0,0.0
37.0,117.0,161.0,0.0,487.0
117.0,161.0,0.0,487.0,220.0
161.0,0.0,487.0,220.0,841.0
487.0,220.0,841.0,0.0,500.0
220.0,841.0,0.0,500.0,328.0
841.0,0.0,500.0,328.0,1047.0
500.0,328.0,1047.0,1219.0,1281.0
2.0,0.0,1.0,0.0,6.0
1.0,0.0,6.0,5.0,4.0
6.0,5.0,4.0,3.0,8.0
5.0,4.0,3.0,8.0,12.0
4.0,3.0,8.0,12.0,14.0
3.0,8.0,12.0,14.0,24.0
8.0,12.0,14.0,24.0,25.0
12.0,14.0,24.0,25.0,27.0
14.0,24.0,25.0,27.0,51.0
24.0,25.0,27.0,51.0,64.0
25.0,27.0,51.0,64.0,56.0
27.0,51.0,64.0,56.0,202.0
51.0,64.0,56.0,202.0,151.0
64.0,56.0,202.0,151.0,205.0
56.0,202.0,151.0,205.0,158.0
202.0,151.0,205.0,158.0,314.0
151.0,205.0,158.0,314.0,314.0
205.0,158.0,314.0,314.0,367.0
158.0,314.0,314.0,367.0,375.0
314.0,314.0,367.0,375.0,426.0
1.0,0.0,0.0,0.0,0.0
1.0,1.0,1.0,3.0,3.0
1.0,1.0,3.0,3.0,0.0
1.0,3.0,3.0,0.0,2.0
3.0,3.0,0.0,2.0,3.0
3.0,0.0,2.0,3.0,5.0
2.0,3.0,5.0,17.0,6.0
3.0,5.0,17.0,6.0,18.0
5.0,17.0,6.0,18.0,0.0
17.0,6.0,18.0,0.0,22.0
6.0,18.0,0.0,22.0,26.0
18.0,0.0,22.0,26.0,22.0
22.0,26.0,22.0,30.0,32.0
26.0,22.0,30.0,32.0,58.0
22.0,30.0,32.0,58.0,4.0
30.0,32.0,58.0,4.0,82.0
32.0,58.0,4.0,82.0,96.0
58.0,4.0,82.0,96.0,244.0
4.0,82.0,96.0,244.0,28.0
82.0,96.0,244.0,28.0,178.0
2.0,0.0,0.0,2.0,0.0
2.0,0.0,0.0,1.0,0.0
1.0,0.0,0.0,1.0,0.0
1.0,0.0,0.0,0.0,10.0
10.0,3.0,1.0,8.0,3.0
3.0,1.0,8.0,3.0,22.0
1.0,8.0,3.0,22.0,83.0
8.0,3.0,22.0,83.0,100.0
3.0,22.0,83.0,100.0,63.0
22.0,83.0,100.0,63.0,155.0
83.0,100.0,63.0,155.0,47.0
100.0,63.0,155.0,47.0,229.0
1.0,0.0,0.0,1.0,0.0
1.0,0.0,0.0,0.0,2.0
2.0,0.0,9.0,0.0,7.0
9.0,0.0,7.0,5.0,6.0
7.0,5.0,6.0,7.0,14.0
5.0,6.0,7.0,14.0,99.0
6.0,7.0,14.0,99.0,0.0
7.0,14.0,99.0,0.0,11.0
14.0,99.0,0.0,11.0,38.0
99.0,0.0,11.0,38.0,121.0
11.0,38.0,121.0,51.0,249.0
38.0,121.0,51.0,249.0,172.0
121.0,51.0,249.0,172.0,228.0
1.0,0.0,0.0,0.0,2.0
2.0,0.0,0.0,0.0,1.0
1.0,0.0,0.0,9.0,2.0
9.0,2.0,0.0,9.0,0.0
2.0,0.0,9.0,0.0,1.0
9.0,0.0,1.0,5.0,3.0
1.0,5.0,3.0,0.0,1.0
5.0,3.0,0.0,1.0,4.0
3.0,0.0,1.0,4.0,2.0
1.0,4.0,2.0,3.0,6.0
1.0,2.0,1.0,0.0,3.0
2.0,1.0,0.0,3.0,0.0
1.0,0.0,3.0,0.0,0.0
3.0,0.0,0.0,2.0,22.0
2.0,22.0,14.0,1.0,27.0
22.0,14.0,1.0,27.0,0.0
14.0,1.0,27.0,0.0,16.0
1.0,27.0,0.0,16.0,10.0
27.0,0.0,16.0,10.0,0.0
16.0,10.0,0.0,91.0,38.0
10.0,0.0,91.0,38.0,103.0
91.0,38.0,103.0,0.0,56.0
38.0,103.0,0.0,56.0,31.0
103.0,0.0,56.0,31.0,0.0
56.0,31.0,0.0,77.0,35.0
1.0,0.0,0.0,0.0,0.0
2.0,0.0,0.0,0.0,4.0
4.0,0.0,0.0,7.0,0.0
7.0,0.0,0.0,4.0,8.0
4.0,8.0,9.0,13.0,19.0
8.0,9.0,13.0,19.0,18.0
1.0,0.0,5.0,9.0,4.0
5.0,9.0,4.0,6.0,7.0
9.0,4.0,6.0,7.0,24.0
4.0,6.0,7.0,24.0,31.0
6.0,7.0,24.0,31.0,21.0
7.0,24.0,31.0,21.0,39.0
24.0,31.0,21.0,39.0,29.0
31.0,21.0,39.0,29.0,29.0
21.0,39.0,29.0,29.0,195.0
39.0,29.0,29.0,195.0,198.0
29.0,29.0,195.0,198.0,104.0
29.0,195.0,198.0,104.0,294.0
195.0,198.0,104.0,294.0,94.0
198.0,104.0,294.0,94.0,131.0
104.0,294.0,94.0,131.0,112.0
294.0,94.0,131.0,112.0,130.0
94.0,131.0,112.0,130.0,87.0
131.0,112.0,130.0,87.0,196.0
112.0,130.0,87.0,196.0,168.0
130.0,87.0,196.0,168.0,204.0
1.0,0.0,2.0,0.0,0.0
2.0,0.0,0.0,0.0,0.0
1.0,2.0,3.0,0.0,6.0
2.0,3.0,0.0,6.0,0.0
3.0,0.0,6.0,0.0,10.0
6.0,0.0,10.0,20.0,4.0
10.0,20.0,4.0,40.0,34.0
20.0,4.0,40.0,34.0,8.0
4.0,40.0,34.0,8.0,27.0
40.0,34.0,8.0,27.0,26.0
34.0,8.0,27.0,26.0,76.0
8.0,27.0,26.0,76.0,17.0
27.0,26.0,76.0,17.0,31.0
26.0,76.0,17.0,31.0,59.0
1.0,0.0,0.0,0.0,0.0
1.0,0.0,1.0,7.0,0.0
1.0,7.0,0.0,0.0,0.0
7.0,0.0,0.0,0.0,2.0
2.0,4.0,0.0,63.0,36.0
4.0,0.0,63.0,36.0,56.0
63.0,36.0,56.0,34.0,20.0
36.0,56.0,34.0,20.0,33.0
56.0,34.0,20.0,33.0,9.0
34.0,20.0,33.0,9.0,16.0
20.0,33.0,9.0,16.0,23.0
1.0,0.0,0.0,0.0,7.0
7.0,2.0,6.0,5.0,0.0
2.0,6.0,5.0,0.0,2.0
6.0,5.0,0.0,2.0,13.0
5.0,0.0,2.0,13.0,0.0
2.0,13.0,0.0,15.0,11.0
13.0,0.0,15.0,11.0,7.0
15.0,11.0,7.0,11.0,0.0
11.0,7.0,11.0,0.0,21.0
7.0,11.0,0.0,21.0,8.0
11.0,0.0,21.0,8.0,0.0
21.0,8.0,0.0,10.0,0.0
8.0,0.0,10.0,0.0,25.0
1.0,0.0,0.0,0.0,0.0
5.0,0.0,0.0,0.0,0.0
3.0,0.0,3.0,15.0,0.0
3.0,15.0,0.0,0.0,9.0
15.0,0.0,0.0,9.0,0.0
9.0,0.0,15.0,0.0,18.0
1.0,0.0,2.0,3.0,5.0
2.0,3.0,5.0,15.0,8.0
3.0,5.0,15.0,8.0,9.0
5.0,15.0,8.0,9.0,7.0
15.0,8.0,9.0,7.0,0.0
8.0,9.0,7.0,0.0,8.0
9.0,7.0,0.0,8.0,11.0
7.0,0.0,8.0,11.0,16.0
8.0,11.0,16.0,18.0,31.0
11.0,16.0,18.0,31.0,22.0
16.0,18.0,31.0,22.0,15.0
18.0,31.0,22.0,15.0,9.0
31.0,22.0,15.0,9.0,40.0
22.0,15.0,9.0,40.0,30.0
15.0,9.0,40.0,30.0,80.0
9.0,40.0,30.0,80.0,79.0
40.0,30.0,80.0,79.0,64.0
1.0,0.0,0.0,0.0,0.0
2.0,0.0,3.0,2.0,4.0
3.0,2.0,4.0,5.0,8.0
2.0,4.0,5.0,8.0,2.0
4.0,5.0,8.0,2.0,9.0
5.0,8.0,2.0,9.0,13.0
8.0,2.0,9.0,13.0,34.0
1.0,3.0,1.0,0.0,0.0
3.0,1.0,0.0,0.0,0.0
1.0,0.0,0.0,0.0,0.0
1.0,0.0,1.0,0.0,0.0
1.0,0.0,0.0,1.0,4.0
1.0,4.0,0.0,14.0,15.0
4.0,0.0,14.0,15.0,12.0
14.0,15.0,12.0,29.0,11.0
15.0,12.0,29.0,11.0,25.0
12.0,29.0,11.0,25.0,46.0
29.0,11.0,25.0,46.0,39.0
1.0,0.0,0.0,0.0,0.0
2.0,0.0,1.0,1.0,0.0
1.0,1.0,0.0,0.0,0.0
1.0,0.0,0.0,0.0,0.0
1.0,2.0,0.0,4.0,8.0
2.0,0.0,4.0,8.0,8.0
4.0,8.0,8.0,11.0,13.0
1.0,0.0,0.0,0.0,0.0
1.0,0.0,0.0,0.0,0.0
1.0,5.0,0.0,4.0,10.0
2.0,0.0,0.0,0.0,0.0
1.0,0.0,0.0,0.0,1.0
1.0,2.0,3.0,0.0,5.0
2.0,3.0,0.0,5.0,3.0
3.0,0.0,5.0,3.0,0.0
5.0,3.0,0.0,11.0,3.0
3.0,0.0,11.0,3.0,4.0
11.0,3.0,4.0,17.0,12.0
3.0,4.0,17.0,12.0,26.0
1.0,0.0,0.0,1.0,4.0
1.0,4.0,0.0,12.0,0.0
4.0,0.0,12.0,0.0,1.0
12.0,0.0,1.0,2.0,13.0
1.0,2.0,13.0,9.0,0.0
2.0,13.0,9.0,0.0,47.0
13.0,9.0,0.0,47.0,39.0
9.0,0.0,47.0,39.0,0.0
47.0,39.0,0.0,40.0,54.0
39.0,0.0,40.0,54.0,69.0
40.0,54.0,69.0,265.0,126.0
54.0,69.0,265.0,126.0,102.0
1.0,0.0,0.0,0.0,0.0
1.0,0.0,1.0,0.0,2.0
1.0,0.0,2.0,2.0,12.0
2.0,2.0,12.0,15.0,17.0
2.0,12.0,15.0,17.0,8.0
12.0,15.0,17.0,8.0,18.0
15.0,17.0,8.0,18.0,63.0
17.0,8.0,18.0,63.0,63.0
8.0,18.0,63.0,63.0,132.0
18.0,63.0,63.0,132.0,149.0
63.0,63.0,132.0,149.0,186.0
1.0,0.0,0.0,0.0,0.0
1.0,0.0,0.0,0.0,5.0
5.0,0.0,0.0,0.0,4.0
1.0,2.0,0.0,4.0,1.0
2.0,0.0,4.0,1.0,0.0
4.0,1.0,0.0,0.0,0.0
1.0,0.0,0.0,0.0,7.0
7.0,3.0,6.0,238.0,0.0
3.0,6.0,238.0,0.0,58.0
6.0,238.0,0.0,58.0,17.0
238.0,0.0,58.0,17.0,64.0
58.0,17.0,64.0,38.0,0.0
17.0,64.0,38.0,0.0,13.0
64.0,38.0,0.0,13.0,8.0
38.0,0.0,13.0,8.0,10.0
6.0,0.0,1.0,3.0,3.0
1.0,3.0,3.0,0.0,0.0
3.0,3.0,0.0,0.0,1.0
3.0,0.0,0.0,1.0,1.0
1.0,1.0,0.0,2.0,0.0
1.0,0.0,2.0,0.0,0.0
2.0,0.0,0.0,11.0,0.0
11.0,0.0,9.0,21.0,53.0
9.0,21.0,53.0,88.0,168.0
21.0,53.0,88.0,168.0,139.0
3.0,0.0,0.0,0.0,3.0
3.0,0.0,3.0,0.0,0.0
3.0,0.0,0.0,2.0,0.0
2.0,0.0,0.0,4.0,0.0
4.0,0.0,8.0,-8.0,13.0
8.0,-8.0,13.0,0.0,16.0
13.0,0.0,16.0,0.0,9.0
1.0,0.0,0.0,0.0,0.0
3.0,4.0,10.0,8.0,26.0
4.0,10.0,8.0,26.0,26.0
10.0,8.0,26.0,26.0,6.0
8.0,26.0,26.0,6.0,31.0
26.0,26.0,6.0,31.0,21.0
26.0,6.0,31.0,21.0,24.0
1.0,0.0,0.0,0.0,0.0
1.0,0.0,3.0,0.0,0.0
3.0,0.0,0.0,0.0,0.0
6.0,0.0,0.0,10.0,0.0
10.0,0.0,13.0,38.0,40.0
2.0,0.0,0.0,0.0,2.0
2.0,0.0,2.0,13.0,8.0
2.0,13.0,8.0,7.0,0.0
13.0,8.0,7.0,0.0,35.0
8.0,7.0,0.0,35.0,27.0
7.0,0.0,35.0,27.0,21.0
35.0,27.0,21.0,17.0,38.0
27.0,21.0,17.0,38.0,55.0
21.0,17.0,38.0,55.0,84.0
17.0,38.0,55.0,84.0,58.0
38.0,55.0,84.0,58.0,81.0
2.0,0.0,3.0,3.0,5.0
3.0,3.0,5.0,7.0,10.0
3.0,5.0,7.0,10.0,0.0
5.0,7.0,10.0,0.0,11.0
7.0,10.0,0.0,11.0,18.0
10.0,0.0,11.0,18.0,0.0
11.0,18.0,0.0,53.0,57.0
18.0,0.0,53.0,57.0,76.0
53.0,57.0,76.0,86.0,117.0
57.0,76.0,86.0,117.0,0.0
76.0,86.0,117.0,0.0,337.0
86.0,117.0,0.0,337.0,235.0
117.0,0.0,337.0,235.0,260.0
1.0,0.0,0.0,0.0,0.0
1.0,37.0,0.0,14.0,22.0
37.0,0.0,14.0,22.0,13.0
1.0,0.0,0.0,0.0,0.0
1.0,0.0,0.0,1.0,0.0
1.0,0.0,2.0,0.0,1.0
2.0,0.0,1.0,1.0,0.0
1.0,1.0,0.0,3.0,0.0
1.0,0.0,3.0,0.0,0.0
1.0,0.0,0.0,0.0,0.0
1.0,4.0,2.0,2.0,0.0
4.0,2.0,2.0,0.0,7.0
2.0,2.0,0.0,7.0,9.0
2.0,0.0,7.0,9.0,4.0
7.0,9.0,4.0,4.0,15.0
9.0,4.0,4.0,15.0,22.0
4.0,4.0,15.0,22.0,15.0
4.0,15.0,22.0,15.0,25.0
15.0,22.0,15.0,25.0,13.0
1.0,0.0,0.0,1.0,0.0
1.0,0.0,0.0,0.0,0.0
1.0,2.0,1.0,1.0,10.0
2.0,1.0,1.0,10.0,11.0
1.0,1.0,10.0,11.0,1.0
1.0,10.0,11.0,1.0,9.0
10.0,11.0,1.0,9.0,11.0
11.0,1.0,9.0,11.0,14.0
1.0,9.0,11.0,14.0,14.0
9.0,11.0,14.0,14.0,19.0
1.0,0.0,0.0,4.0,0.0
4.0,0.0,0.0,6.0,4.0
6.0,4.0,5.0,1.0,24.0
4.0,5.0,1.0,24.0,41.0
5.0,1.0,24.0,41.0,17.0
1.0,24.0,41.0,17.0,0.0
24.0,41.0,17.0,0.0,15.0
41.0,17.0,0.0,15.0,53.0
17.0,0.0,15.0,53.0,0.0
15.0,53.0,0.0,103.0,70.0
53.0,0.0,103.0,70.0,48.0
1.0,1.0,2.0,0.0,0.0
1.0,2.0,0.0,0.0,0.0
2.0,0.0,0.0,0.0,0.0
6.0,0.0,14.0,0.0,2.0
14.0,0.0,2.0,5.0,0.0
2.0,5.0,0.0,7.0,9.0
1.0,0.0,0.0,1.0,6.0
1.0,6.0,4.0,0.0,5.0
6.0,4.0,0.0,5.0,2.0
4.0,0.0,5.0,2.0,0.0
5.0,2.0,0.0,12.0,3.0
2.0,0.0,12.0,3.0,11.0
12.0,3.0,11.0,11.0,12.0
3.0,11.0,11.0,12.0,11.0
11.0,11.0,12.0,11.0,18.0
11.0,12.0,11.0,18.0,31.0
12.0,11.0,18.0,31.0,30.0
1.0,0.0,3.0,0.0,0.0
3.0,0.0,0.0,4.0,0.0
4.0,0.0,5.0,10.0,0.0
5.0,10.0,0.0,20.0,18.0
10.0,0.0,20.0,18.0,13.0
20.0,18.0,13.0,81.0,46.0
18.0,13.0,81.0,46.0,37.0
13.0,81.0,46.0,37.0,0.0
81.0,46.0,37.0,0.0,196.0
46.0,37.0,0.0,196.0,103.0
1.0,0.0,0.0,0.0,0.0
7.0,9.0,17.0,18.0,17.0
9.0,17.0,18.0,17.0,16.0
17.0,18.0,17.0,16.0,0.0
1.0,0.0,0.0,0.0,0.0
2.0,0.0,0.0,4.0,7.0
4.0,7.0,0.0,2.0,13.0
7.0,0.0,2.0,13.0,18.0
2.0,0.0,0.0,2.0,3.0
2.0,3.0,2.0,0.0,4.0
3.0,2.0,0.0,4.0,0.0
2.0,0.0,4.0,0.0,6.0
4.0,0.0,6.0,11.0,2.0
6.0,11.0,2.0,7.0,11.0
11.0,2.0,7.0,11.0,8.0
2.0,7.0,11.0,8.0,15.0
7.0,11.0,8.0,15.0,12.0
11.0,8.0,15.0,12.0,18.0
1.0,0.0,-1.0,0.0,0.0
1.0,0.0,0.0,0.0,0.0
1.0,0.0,0.0,0.0,0.0
3.0,0.0,0.0,3.0,21.0
3.0,21.0,0.0,0.0,9.0
1.0,0.0,4.0,0.0,6.0
4.0,0.0,6.0,5.0,6.0
6.0,5.0,6.0,9.0,18.0
5.0,6.0,9.0,18.0,19.0
6.0,9.0,18.0,19.0,35.0
9.0,18.0,19.0,35.0,16.0
18.0,19.0,35.0,16.0,58.0
19.0,35.0,16.0,58.0,61.0
35.0,16.0,58.0,61.0,13.0
16.0,58.0,61.0,13.0,104.0
58.0,61.0,13.0,104.0,70.0
61.0,13.0,104.0,70.0,111.0
1.0,0.0,0.0,0.0,1.0
1.0,0.0,3.0,2.0,0.0
3.0,2.0,0.0,9.0,2.0
2.0,0.0,9.0,2.0,0.0
9.0,2.0,0.0,2.0,4.0
2.0,0.0,2.0,4.0,5.0
2.0,4.0,5.0,10.0,15.0
4.0,5.0,10.0,15.0,6.0
2.0,0.0,1.0,0.0,0.0
1.0,0.0,0.0,2.0,2.0
2.0,2.0,4.0,2.0,5.0
2.0,4.0,2.0,5.0,6.0
4.0,2.0,5.0,6.0,1.0
2.0,5.0,6.0,1.0,1.0
5.0,6.0,1.0,1.0,12.0
6.0,1.0,1.0,12.0,25.0
1.0,1.0,12.0,25.0,26.0
1.0,12.0,25.0,26.0,4.0
2.0,5.0,0.0,9.0,0.0
5.0,0.0,9.0,0.0,15.0
9.0,0.0,15.0,26.0,32.0
15.0,26.0,32.0,52.0,40.0
26.0,32.0,52.0,40.0,38.0
32.0,52.0,40.0,38.0,34.0
52.0,40.0,38.0,34.0,22.0
40.0,38.0,34.0,22.0,0.0
38.0,34.0,22.0,0.0,11.0
34.0,22.0,0.0,11.0,55.0
22.0,0.0,11.0,55.0,42.0
1.0,0.0,0.0,2.0,0.0
2.0,0.0,4.0,6.0,4.0
4.0,6.0,4.0,7.0,14.0
6.0,4.0,7.0,14.0,13.0
4.0,7.0,14.0,13.0,11.0
7.0,14.0,13.0,11.0,0.0
14.0,13.0,11.0,0.0,54.0
13.0,11.0,0.0,54.0,34.0
11.0,0.0,54.0,34.0,52.0
1.0,0.0,0.0,0.0,0.0
1.0,0.0,1.0,0.0,0.0
1.0,0.0,0.0,0.0,0.0
2.0,6.0,0.0,3.0,7.0
6.0,0.0,3.0,7.0,7.0
1.0,0.0,0.0,0.0,2.0
2.0,6.0,0.0,4.0,9.0
6.0,0.0,4.0,9.0,12.0
4.0,9.0,12.0,20.0,11.0
9.0,12.0,20.0,11.0,28.0
12.0,20.0,11.0,28.0,9.0
20.0,11.0,28.0,9.0,26.0
11.0,28.0,9.0,26.0,68.0
1.0,0.0,4.0,4.0,0.0
4.0,4.0,0.0,4.0,9.0
4.0,0.0,4.0,9.0,1.0
4.0,9.0,1.0,3.0,1.0
9.0,1.0,3.0,1.0,8.0
1.0,3.0,1.0,8.0,6.0
3.0,1.0,8.0,6.0,9.0
1.0,8.0,6.0,9.0,19.0
8.0,6.0,9.0,19.0,20.0
6.0,9.0,19.0,20.0,28.0
1.0,0.0,5.0,1.0,4.0
5.0,1.0,4.0,0.0,4.0
1.0,4.0,0.0,4.0,13.0
4.0,0.0,4.0,13.0,10.0
4.0,13.0,10.0,5.0,43.0
13.0,10.0,5.0,43.0,31.0
10.0,5.0,43.0,31.0,28.0
5.0,43.0,31.0,28.0,89.0
43.0,31.0,28.0,89.0,0.0
31.0,28.0,89.0,0.0,84.0
1.0,0.0,0.0,0.0,4.0
4.0,7.0,7.0,16.0,11.0
7.0,7.0,16.0,11.0,2.0
7.0,16.0,11.0,2.0,7.0
16.0,11.0,2.0,7.0,10.0
11.0,2.0,7.0,10.0,18.0
2.0,7.0,10.0,18.0,20.0
7.0,10.0,18.0,20.0,32.0
10.0,18.0,20.0,32.0,36.0
1.0,0.0,2.0,0.0,4.0
2.0,0.0,4.0,3.0,6.0
4.0,3.0,6.0,16.0,12.0
3.0,6.0,16.0,12.0,10.0
6.0,16.0,12.0,10.0,9.0
16.0,12.0,10.0,9.0,9.0
12.0,10.0,9.0,9.0,33.0
10.0,9.0,9.0,33.0,18.0
9.0,9.0,33.0,18.0,14.0
9.0,33.0,18.0,14.0,41.0
1.0,0.0,0.0,0.0,0.0
3.0,0.0,0.0,2.0,1.0
2.0,1.0,0.0,6.0,6.0
1.0,0.0,6.0,6.0,3.0
6.0,6.0,3.0,9.0,8.0
6.0,3.0,9.0,8.0,0.0
3.0,9.0,8.0,0.0,15.0
9.0,8.0,0.0,15.0,11.0
8.0,0.0,15.0,11.0,9.0
2.0,0.0,0.0,0.0,1.0
1.0,0.0,0.0,6.0,0.0
6.0,0.0,6.0,1.0,3.0
6.0,1.0,3.0,4.0,9.0
1.0,3.0,4.0,9.0,0.0
4.0,0.0,0.0,3.0,0.0
3.0,0.0,16.0,18.0,10.0
16.0,18.0,10.0,1.0,15.0
18.0,10.0,1.0,15.0,25.0
10.0,1.0,15.0,25.0,2.0
1.0,15.0,25.0,2.0,33.0
15.0,25.0,2.0,33.0,36.0
4.0,0.0,2.0,2.0,0.0
2.0,2.0,0.0,1.0,1.0
2.0,0.0,1.0,1.0,3.0
1.0,1.0,3.0,0.0,0.0
1.0,3.0,0.0,0.0,0.0
3.0,0.0,0.0,0.0,0.0
3.0,0.0,0.0,0.0,0.0
2.0,3.0,2.0,4.0,3.0
3.0,2.0,4.0,3.0,3.0
2.0,4.0,3.0,3.0,5.0
1.0,0.0,0.0,4.0,0.0
4.0,0.0,1.0,0.0,0.0
1.0,0.0,0.0,2.0,1.0
2.0,1.0,2.0,0.0,2.0
1.0,2.0,0.0,2.0,5.0
1.0,0.0,0.0,0.0,0.0
2.0,0.0,0.0,0.0,0.0
1.0,0.0,0.0,2.0,0.0
2.0,0.0,5.0,4.0,3.0
5.0,4.0,3.0,2.0,0.0
4.0,3.0,2.0,0.0,2.0
3.0,2.0,0.0,2.0,3.0
2.0,0.0,2.0,3.0,3.0
2.0,3.0,3.0,1.0,5.0
3.0,3.0,1.0,5.0,2.0
3.0,1.0,5.0,2.0,5.0
1.0,5.0,2.0,5.0,1.0
5.0,2.0,5.0,1.0,32.0
2.0,5.0,1.0,32.0,5.0
5.0,1.0,32.0,5.0,25.0
1.0,32.0,5.0,25.0,73.0
32.0,5.0,25.0,73.0,8.0
5.0,25.0,73.0,8.0,36.0
25.0,73.0,8.0,36.0,36.0
73.0,8.0,36.0,36.0,51.0
8.0,36.0,36.0,51.0,69.0
1.0,1.0,2.0,3.0,0.0
1.0,2.0,3.0,0.0,12.0
2.0,3.0,0.0,12.0,0.0
3.0,0.0,12.0,0.0,10.0
12.0,0.0,10.0,0.0,10.0
10.0,0.0,10.0,17.0,18.0
10.0,17.0,18.0,23.0,22.0
17.0,18.0,23.0,22.0,27.0
18.0,23.0,22.0,27.0,49.0
1.0,0.0,0.0,0.0,0.0
1.0,0.0,1.0,1.0,0.0
1.0,1.0,0.0,0.0,4.0
1.0,0.0,0.0,4.0,1.0
4.0,1.0,8.0,0.0,7.0
1.0,8.0,0.0,7.0,26.0
8.0,0.0,7.0,26.0,24.0
7.0,26.0,24.0,20.0,27.0
26.0,24.0,20.0,27.0,18.0
24.0,20.0,27.0,18.0,42.0
2.0,8.0,2.0,11.0,10.0
8.0,2.0,11.0,10.0,5.0
2.0,11.0,10.0,5.0,4.0
11.0,10.0,5.0,4.0,9.0
10.0,5.0,4.0,9.0,4.0
5.0,4.0,9.0,4.0,4.0
4.0,9.0,4.0,4.0,5.0
9.0,4.0,4.0,5.0,6.0
4.0,4.0,5.0,6.0,6.0
2.0,1.0,3.0,0.0,8.0
1.0,3.0,0.0,8.0,12.0
3.0,0.0,8.0,12.0,0.0
8.0,12.0,0.0,7.0,13.0
12.0,0.0,7.0,13.0,3.0
7.0,13.0,3.0,18.0,0.0
13.0,3.0,18.0,0.0,17.0
1.0,0.0,10.0,0.0,26.0
10.0,0.0,26.0,3.0,10.0
26.0,3.0,10.0,4.0,2.0
3.0,10.0,4.0,2.0,12.0
10.0,4.0,2.0,12.0,7.0
4.0,2.0,12.0,7.0,3.0
2.0,12.0,7.0,3.0,5.0
267.0,99.0,76.0,126.0,4.0
99.0,76.0,126.0,4.0,71.0
76.0,126.0,4.0,71.0,261.0
126.0,4.0,71.0,261.0,172.0
4.0,71.0,261.0,172.0,-62.0
71.0,261.0,172.0,-62.0,362.0
261.0,172.0,-62.0,362.0,148.0
172.0,-62.0,362.0,148.0,269.0
173.0,47.0,108.0,93.0,104.0
47.0,108.0,93.0,104.0,207.0
108.0,93.0,104.0,207.0,235.0
93.0,104.0,207.0,235.0,739.0
104.0,207.0,235.0,739.0,789.0
207.0,235.0,739.0,789.0,2870.0
235.0,739.0,789.0,2870.0,2945.0
739.0,789.0,2870.0,2945.0,3400.0
144.0,33.0,44.0,61.0,58.0
33.0,44.0,61.0,58.0,86.0
44.0,61.0,58.0,86.0,131.0
61.0,58.0,86.0,131.0,141.0
58.0,86.0,131.0,141.0,53.0
86.0,131.0,141.0,53.0,201.0
131.0,141.0,53.0,201.0,225.0
141.0,53.0,201.0,225.0,187.0
92.0,3.0,13.0,15.0,15.0
3.0,13.0,15.0,15.0,26.0
13.0,15.0,15.0,26.0,33.0
15.0,15.0,26.0,33.0,21.0
15.0,26.0,33.0,21.0,0.0
26.0,33.0,21.0,0.0,110.0
33.0,21.0,0.0,110.0,85.0
21.0,0.0,110.0,85.0,112.0
36.0,0.0,6.0,0.0,2.0
6.0,0.0,2.0,0.0,0.0
2.0,0.0,0.0,1.0,0.0
1.0,0.0,0.0,0.0,0.0
1.0,0.0,0.0,0.0,0.0
1.0,0.0,0.0,0.0,2.0
21.0,0.0,0.0,0.0,0.0
1.0,0.0,1.0,1.0,0.0
17.0,6.0,8.0,11.0,24.0
6.0,8.0,11.0,24.0,33.0
8.0,11.0,24.0,33.0,22.0
11.0,24.0,33.0,22.0,25.0
24.0,33.0,22.0,25.0,53.0
33.0,22.0,25.0,53.0,88.0
22.0,25.0,53.0,88.0,133.0
25.0,53.0,88.0,133.0,87.0
15.0,19.0,11.0,4.0,52.0
19.0,11.0,4.0,52.0,30.0
11.0,4.0,52.0,30.0,29.0
4.0,52.0,30.0,29.0,0.0
52.0,30.0,29.0,0.0,24.0
30.0,29.0,0.0,24.0,93.0
29.0,0.0,24.0,93.0,86.0
15.0,13.0,7.0,15.0,26.0
13.0,7.0,15.0,26.0,39.0
7.0,15.0,26.0,39.0,40.0
15.0,26.0,39.0,40.0,61.0
26.0,39.0,40.0,61.0,98.0
39.0,40.0,61.0,98.0,103.0
40.0,61.0,98.0,103.0,146.0
61.0,98.0,103.0,146.0,96.0
15.0,8.0,6.0,0.0,40.0
8.0,6.0,0.0,40.0,29.0
6.0,0.0,40.0,29.0,80.0
40.0,29.0,80.0,89.0,0.0
29.0,80.0,89.0,0.0,475.0
80.0,89.0,0.0,475.0,148.0
89.0,0.0,475.0,148.0,437.0
15.0,4.0,5.0,6.0,2.0
4.0,5.0,6.0,2.0,4.0
5.0,6.0,2.0,4.0,3.0
6.0,2.0,4.0,3.0,27.0
2.0,4.0,3.0,27.0,2.0
4.0,3.0,27.0,2.0,20.0
3.0,27.0,2.0,20.0,26.0
27.0,2.0,20.0,26.0,0.0
13.0,8.0,6.0,16.0,14.0
8.0,6.0,16.0,14.0,15.0
6.0,16.0,14.0,15.0,13.0
16.0,14.0,15.0,13.0,25.0
14.0,15.0,13.0,25.0,63.0
15.0,13.0,25.0,63.0,87.0
13.0,25.0,63.0,87.0,134.0
25.0,63.0,87.0,134.0,187.0
12.0,13.0,7.0,14.0,18.0
13.0,7.0,14.0,18.0,29.0
7.0,14.0,18.0,29.0,12.0
14.0,18.0,29.0,12.0,56.0
18.0,29.0,12.0,56.0,1.0
29.0,12.0,56.0,1.0,260.0
12.0,56.0,1.0,260.0,163.0
56.0,1.0,260.0,163.0,168.0
12.0,4.0,6.0,19.0,6.0
4.0,6.0,19.0,6.0,19.0
6.0,19.0,6.0,19.0,11.0
19.0,6.0,19.0,11.0,35.0
6.0,19.0,11.0,35.0,40.0
19.0,11.0,35.0,40.0,54.0
11.0,35.0,40.0,54.0,97.0
35.0,40.0,54.0,97.0,93.0
8.0,5.0,3.0,1.0,0.0
5.0,3.0,1.0,0.0,1.0
3.0,1.0,0.0,1.0,5.0
1.0,0.0,1.0,5.0,0.0
1.0,5.0,0.0,6.0,15.0
5.0,0.0,6.0,15.0,1.0
8.0,1.0,3.0,6.0,8.0
1.0,3.0,6.0,8.0,6.0
3.0,6.0,8.0,6.0,9.0
6.0,8.0,6.0,9.0,19.0
8.0,6.0,9.0,19.0,25.0
6.0,9.0,19.0,25.0,22.0
9.0,19.0,25.0,22.0,42.0
19.0,25.0,22.0,42.0,44.0
7.0,0.0,8.0,2.0,7.0
8.0,2.0,7.0,9.0,5.0
2.0,7.0,9.0,5.0,26.0
7.0,9.0,5.0,26.0,6.0
9.0,5.0,26.0,6.0,53.0
5.0,26.0,6.0,53.0,49.0
26.0,6.0,53.0,49.0,81.0
7.0,3.0,2.0,1.0,6.0
3.0,2.0,1.0,6.0,9.0
2.0,1.0,6.0,9.0,5.0
1.0,6.0,9.0,5.0,14.0
6.0,9.0,5.0,14.0,0.0
9.0,5.0,14.0,0.0,34.0
5.0,14.0,0.0,34.0,45.0
14.0,0.0,34.0,45.0,45.0
7.0,2.0,9.0,8.0,6.0
2.0,9.0,8.0,6.0,7.0
9.0,8.0,6.0,7.0,13.0
8.0,6.0,7.0,13.0,22.0
6.0,7.0,13.0,22.0,5.0
7.0,13.0,22.0,5.0,75.0
13.0,22.0,5.0,75.0,79.0
22.0,5.0,75.0,79.0,138.0
7.0,2.0,8.0,13.0,11.0
2.0,8.0,13.0,11.0,4.0
8.0,13.0,11.0,4.0,4.0
13.0,11.0,4.0,4.0,18.0
11.0,4.0,4.0,18.0,10.0
4.0,4.0,18.0,10.0,22.0
4.0,18.0,10.0,22.0,23.0
18.0,10.0,22.0,23.0,34.0
6.0,3.0,0.0,0.0,3.0
3.0,0.0,0.0,3.0,1.0
3.0,1.0,5.0,2.0,7.0
1.0,5.0,2.0,7.0,18.0
5.0,2.0,7.0,18.0,33.0
2.0,7.0,18.0,33.0,40.0
6.0,5.0,2.0,0.0,3.0
5.0,2.0,0.0,3.0,4.0
2.0,0.0,3.0,4.0,5.0
3.0,4.0,5.0,5.0,9.0
4.0,5.0,5.0,9.0,21.0
5.0,5.0,9.0,21.0,26.0
5.0,9.0,21.0,26.0,42.0
6.0,2.0,2.0,4.0,0.0
2.0,2.0,4.0,0.0,6.0
2.0,4.0,0.0,6.0,1.0
4.0,0.0,6.0,1.0,5.0
6.0,1.0,5.0,1.0,10.0
1.0,5.0,1.0,10.0,10.0
5.0,1.0,10.0,10.0,40.0
5.0,5.0,0.0,0.0,0.0
5.0,0.0,0.0,0.0,6.0
6.0,6.0,0.0,9.0,9.0
6.0,0.0,9.0,9.0,31.0
4.0,3.0,7.0,3.0,4.0
3.0,7.0,3.0,4.0,3.0
7.0,3.0,4.0,3.0,21.0
3.0,4.0,3.0,21.0,11.0
4.0,3.0,21.0,11.0,-1.0
3.0,21.0,11.0,-1.0,40.0
21.0,11.0,-1.0,40.0,19.0
11.0,-1.0,40.0,19.0,47.0
4.0,1.0,1.0,0.0,1.0
1.0,1.0,0.0,1.0,6.0
1.0,0.0,1.0,6.0,4.0
1.0,6.0,4.0,9.0,0.0
6.0,4.0,9.0,0.0,18.0
4.0,9.0,0.0,18.0,0.0
9.0,0.0,18.0,0.0,11.0
3.0,2.0,4.0,5.0,7.0
2.0,4.0,5.0,7.0,14.0
4.0,5.0,7.0,14.0,19.0
5.0,7.0,14.0,19.0,6.0
7.0,14.0,19.0,6.0,17.0
14.0,19.0,6.0,17.0,12.0
19.0,6.0,17.0,12.0,26.0
6.0,17.0,12.0,26.0,23.0
3.0,2.0,5.0,3.0,1.0
2.0,5.0,3.0,1.0,3.0
5.0,3.0,1.0,3.0,1.0
3.0,1.0,3.0,1.0,3.0
1.0,3.0,1.0,3.0,3.0
3.0,1.0,3.0,3.0,5.0
1.0,3.0,3.0,5.0,8.0
3.0,3.0,5.0,8.0,1.0
3.0,1.0,1.0,8.0,13.0
1.0,1.0,8.0,13.0,11.0
1.0,8.0,13.0,11.0,13.0
8.0,13.0,11.0,13.0,17.0
13.0,11.0,13.0,17.0,19.0
11.0,13.0,17.0,19.0,33.0
13.0,17.0,19.0,33.0,54.0
17.0,19.0,33.0,54.0,75.0
3.0,2.0,0.0,9.0,6.0
2.0,0.0,9.0,6.0,0.0
9.0,6.0,0.0,1.0,2.0
6.0,0.0,1.0,2.0,10.0
1.0,2.0,10.0,11.0,10.0
2.0,10.0,11.0,10.0,12.0
3.0,3.0,2.0,11.0,8.0
3.0,2.0,11.0,8.0,5.0
2.0,11.0,8.0,5.0,15.0
11.0,8.0,5.0,15.0,25.0
8.0,5.0,15.0,25.0,20.0
5.0,15.0,25.0,20.0,67.0
15.0,25.0,20.0,67.0,48.0
25.0,20.0,67.0,48.0,75.0
2.0,1.0,2.0,6.0,11.0
1.0,2.0,6.0,11.0,2.0
2.0,6.0,11.0,2.0,6.0
6.0,11.0,2.0,6.0,38.0
11.0,2.0,6.0,38.0,0.0
2.0,6.0,38.0,0.0,91.0
6.0,38.0,0.0,91.0,35.0
38.0,0.0,91.0,35.0,0.0
2.0,0.0,0.0,0.0,2.0
2.0,2.0,1.0,3.0,4.0
2.0,1.0,3.0,4.0,2.0
1.0,3.0,4.0,2.0,10.0
3.0,4.0,2.0,10.0,11.0
2.0,0.0,0.0,0.0,2.0
2.0,3.0,3.0,9.0,0.0
3.0,3.0,9.0,0.0,25.0
3.0,9.0,0.0,25.0,5.0
9.0,0.0,25.0,5.0,4.0
2.0,1.0,2.0,4.0,1.0
1.0,2.0,4.0,1.0,18.0
2.0,4.0,1.0,18.0,11.0
4.0,1.0,18.0,11.0,12.0
1.0,18.0,11.0,12.0,0.0
18.0,11.0,12.0,0.0,29.0
11.0,12.0,0.0,29.0,-2.0
12.0,0.0,29.0,-2.0,58.0
1.0,1.0,0.0,0.0,0.0
1.0,0.0,0.0,0.0,1.0
1.0,12.0,0.0,5.0,13.0
12.0,0.0,5.0,13.0,7.0
1.0,0.0,0.0,0.0,0.0
1.0,0.0,0.0,0.0,0.0
4.0,1.0,0.0,0.0,4.0
1.0,7.0,3.0,16.0,9.0
7.0,3.0,16.0,9.0,7.0
3.0,16.0,9.0,7.0,12.0
16.0,9.0,7.0,12.0,14.0
9.0,7.0,12.0,14.0,17.0
7.0,12.0,14.0,17.0,23.0
12.0,14.0,17.0,23.0,28.0
14.0,17.0,23.0,28.0,63.0
1.0,0.0,0.0,4.0,3.0
4.0,3.0,0.0,3.0,7.0
3.0,0.0,3.0,7.0,0.0
3.0,7.0,0.0,16.0,10.0
7.0,0.0,16.0,10.0,13.0
1.0,5.0,13.0,17.0,41.0
5.0,13.0,17.0,41.0,14.0
13.0,17.0,41.0,14.0,45.0
17.0,41.0,14.0,45.0,60.0
41.0,14.0,45.0,60.0,61.0
14.0,45.0,60.0,61.0,135.0
45.0,60.0,61.0,135.0,146.0
60.0,61.0,135.0,146.0,47.0
1.0,0.0,0.0,1.0,2.0
1.0,2.0,1.0,1.0,5.0
2.0,1.0,1.0,5.0,7.0
1.0,1.0,5.0,7.0,13.0
1.0,5.0,7.0,13.0,22.0
5.0,7.0,13.0,22.0,21.0
1.0,0.0,1.0,0.0,3.0
1.0,0.0,3.0,3.0,4.0
3.0,3.0,4.0,0.0,6.0
3.0,4.0,0.0,6.0,4.0
4.0,0.0,6.0,4.0,7.0
1.0,0.0,0.0,0.0,2.0
2.0,3.0,3.0,3.0,3.0
1.0,5.0,0.0,6.0,4.0
5.0,0.0,6.0,4.0,6.0
6.0,4.0,6.0,0.0,11.0
4.0,6.0,0.0,11.0,29.0
6.0,0.0,11.0,29.0,34.0
1.0,0.0,3.0,2.0,1.0
3.0,2.0,1.0,1.0,8.0
2.0,1.0,1.0,8.0,3.0
1.0,1.0,8.0,3.0,11.0
1.0,8.0,3.0,11.0,8.0
8.0,3.0,11.0,8.0,7.0
1.0,1.0,3.0,0.0,3.0
1.0,3.0,0.0,3.0,1.0
3.0,0.0,3.0,1.0,2.0
3.0,1.0,2.0,12.0,13.0
1.0,2.0,9.0,5.0,15.0
2.0,9.0,5.0,15.0,10.0
9.0,5.0,15.0,10.0,10.0
5.0,15.0,10.0,10.0,4.0
15.0,10.0,10.0,4.0,14.0
2.0,0.0,14.0,9.0,8.0
14.0,9.0,8.0,20.0,12.0
9.0,8.0,20.0,12.0,18.0
8.0,20.0,12.0,18.0,251.0
20.0,12.0,18.0,251.0,218.0
12.0,18.0,251.0,218.0,236.0
1.0,0.0,5.0,4.0,3.0
5.0,4.0,3.0,8.0,13.0
4.0,3.0,8.0,13.0,16.0
3.0,8.0,13.0,16.0,30.0
8.0,13.0,16.0,30.0,60.0
1.0,0.0,0.0,4.0,2.0
4.0,2.0,0.0,2.0,2.0
2.0,0.0,2.0,2.0,0.0
2.0,2.0,0.0,4.0,6.0
3.0,2.0,5.0,0.0,3.0
2.0,5.0,0.0,3.0,4.0
5.0,0.0,3.0,4.0,6.0
3.0,4.0,6.0,0.0,12.0
4.0,6.0,0.0,12.0,8.0
6.0,0.0,12.0,8.0,0.0
1.0,0.0,0.0,0.0,0.0
2.0,3.0,12.0,1.0,9.0
8.0,0.0,0.0,1.0,0.0
1.0,0.0,1.0,1.0,0.0
1.0,1.0,0.0,0.0,3.0
1.0,0.0,0.0,3.0,0.0
1.0,0.0,1.0,5.0,1.0
1.0,0.0,1.0,1.0,0.0
1.0,1.0,0.0,8.0,4.0
1.0,0.0,8.0,4.0,3.0
8.0,4.0,3.0,1.0,4.0
105.0,212.0,297.0,365.0,2131.0
212.0,297.0,365.0,2131.0,0.0
297.0,365.0,2131.0,0.0,1349.0
365.0,2131.0,0.0,1349.0,903.0
2131.0,0.0,1349.0,903.0,1347.0
1349.0,903.0,1347.0,4024.0,2345.0
903.0,1347.0,4024.0,2345.0,3156.0
1347.0,4024.0,2345.0,3156.0,2987.0
4024.0,2345.0,3156.0,2987.0,2447.0
2345.0,3156.0,2987.0,2447.0,2841.0
3156.0,2987.0,2447.0,2841.0,2147.0
2987.0,2447.0,2841.0,2147.0,2531.0
2447.0,2841.0,2147.0,2531.0,2097.0
2841.0,2147.0,2531.0,2097.0,1638.0
2147.0,2531.0,2097.0,1638.0,0.0
2531.0,2097.0,1638.0,0.0,14840.0
2097.0,1638.0,0.0,14840.0,6200.0
1638.0,0.0,14840.0,6200.0,1843.0
14840.0,6200.0,1843.0,1933.0,1807.0
6200.0,1843.0,1933.0,1807.0,1693.0
1843.0,1933.0,1807.0,1693.0,349.0
1933.0,1807.0,1693.0,349.0,411.0
1807.0,1693.0,349.0,411.0,220.0
1693.0,349.0,411.0,220.0,1422.0
349.0,411.0,220.0,1422.0,0.0
411.0,220.0,1422.0,0.0,203.0
220.0,1422.0,0.0,203.0,499.0
1422.0,0.0,203.0,499.0,401.0
203.0,499.0,401.0,409.0,318.0
499.0,401.0,409.0,318.0,423.0
401.0,409.0,318.0,423.0,570.0
409.0,318.0,423.0,570.0,196.0
318.0,423.0,570.0,196.0,114.0
423.0,570.0,196.0,114.0,115.0
570.0,196.0,114.0,115.0,134.0
196.0,114.0,115.0,134.0,126.0
114.0,115.0,134.0,126.0,74.0
115.0,134.0,126.0,74.0,41.0
134.0,126.0,74.0,41.0,36.0
126.0,74.0,41.0,36.0,17.0
74.0,41.0,36.0,17.0,13.0
41.0,36.0,17.0,13.0,8.0
36.0,17.0,13.0,8.0,5.0
17.0,13.0,8.0,5.0,4.0
13.0,8.0,5.0,4.0,4.0
8.0,5.0,4.0,4.0,4.0
5.0,4.0,4.0,4.0,1.0
4.0,4.0,4.0,1.0,1.0
4.0,4.0,1.0,1.0,0.0
4.0,1.0,1.0,0.0,0.0
1.0,1.0,0.0,0.0,0.0
2.0,3.0,13.0,10.0,15.0
3.0,13.0,10.0,15.0,18.0
13.0,10.0,15.0,18.0,34.0
10.0,15.0,18.0,34.0,44.0
15.0,18.0,34.0,44.0,106.0
18.0,34.0,44.0,106.0,143.0
34.0,44.0,106.0,143.0,205.0
44.0,106.0,143.0,205.0,385.0
106.0,143.0,205.0,385.0,523.0
143.0,205.0,385.0,523.0,835.0
205.0,385.0,523.0,835.0,586.0
385.0,523.0,835.0,586.0,591.0
523.0,835.0,586.0,591.0,1234.0
835.0,586.0,591.0,1234.0,1076.0
586.0,591.0,1234.0,1076.0,743.0
591.0,1234.0,1076.0,743.0,595.0
1234.0,1076.0,743.0,595.0,881.0
1076.0,743.0,595.0,881.0,958.0
743.0,595.0,881.0,958.0,1075.0
595.0,881.0,958.0,1075.0,1289.0
881.0,958.0,1075.0,1289.0,1365.0
958.0,1075.0,1289.0,1365.0,1209.0
1075.0,1289.0,1365.0,1209.0,1053.0
1289.0,1365.0,1209.0,1053.0,1178.0
1365.0,1209.0,1053.0,1178.0,1192.0
1209.0,1053.0,1178.0,1192.0,1046.0
1053.0,1178.0,1192.0,1046.0,1237.0
1178.0,1192.0,1046.0,1237.0,966.0
1.0,0.0,1.0,1.0,0.0
1.0,1.0,0.0,0.0,0.0
1.0,0.0,0.0,0.0,7.0
7.0,1.0,3.0,0.0,1.0
1.0,3.0,0.0,1.0,3.0
3.0,0.0,1.0,3.0,4.0
1.0,3.0,4.0,1.0,0.0
3.0,4.0,1.0,0.0,1.0
4.0,1.0,0.0,1.0,2.0
1.0,0.0,1.0,2.0,1.0
1.0,2.0,1.0,0.0,0.0
2.0,1.0,0.0,0.0,0.0
1.0,0.0,0.0,0.0,0.0
1.0,1.0,1.0,0.0,73.0
1.0,1.0,0.0,73.0,100.0
1.0,0.0,73.0,100.0,229.0
73.0,100.0,229.0,169.0,231.0
100.0,229.0,169.0,231.0,144.0
229.0,169.0,231.0,144.0,284.0
169.0,231.0,144.0,284.0,505.0
231.0,144.0,284.0,505.0,571.0
144.0,284.0,505.0,571.0,813.0
284.0,505.0,571.0,813.0,586.0
505.0,571.0,813.0,586.0,599.0
571.0,813.0,586.0,599.0,851.0
813.0,586.0,599.0,851.0,435.0
586.0,599.0,851.0,435.0,467.0
599.0,851.0,435.0,467.0,505.0
851.0,435.0,467.0,505.0,448.0
435.0,467.0,505.0,448.0,273.0
467.0,505.0,448.0,273.0,164.0
505.0,448.0,273.0,164.0,35.0
448.0,273.0,164.0,35.0,242.0
273.0,164.0,35.0,242.0,114.0
164.0,35.0,242.0,114.0,110.0
35.0,242.0,114.0,110.0,107.0
242.0,114.0,110.0,107.0,76.0
114.0,110.0,107.0,76.0,74.0
110.0,107.0,76.0,74.0,84.0
107.0,76.0,74.0,84.0,93.0
76.0,74.0,84.0,93.0,152.0
74.0,84.0,93.0,152.0,87.0
84.0,93.0,152.0,87.0,147.0
2.0,1.0,0.0,0.0,1.0
1.0,0.0,0.0,1.0,1.0
1.0,1.0,0.0,0.0,1.0
1.0,0.0,0.0,1.0,0.0
1.0,0.0,0.0,0.0,0.0
5.0,0.0,0.0,0.0,0.0
1.0,0.0,0.0,0.0,0.0
2.0,4.0,20.0,19.0,43.0
4.0,20.0,19.0,43.0,30.0
20.0,19.0,43.0,30.0,61.0
19.0,43.0,30.0,61.0,13.0
43.0,30.0,61.0,13.0,81.0
30.0,61.0,13.0,81.0,92.0
61.0,13.0,81.0,92.0,276.0
13.0,81.0,92.0,276.0,296.0
81.0,92.0,276.0,296.0,177.0
92.0,276.0,296.0,177.0,83.0
276.0,296.0,177.0,83.0,575.0
296.0,177.0,83.0,575.0,497.0
177.0,83.0,575.0,497.0,0.0
83.0,575.0,497.0,0.0,1380.0
575.0,497.0,0.0,1380.0,808.0
497.0,0.0,1380.0,808.0,30.0
1380.0,808.0,30.0,2134.0,1019.0
808.0,30.0,2134.0,1019.0,1391.0
30.0,2134.0,1019.0,1391.0,1828.0
2134.0,1019.0,1391.0,1828.0,1741.0
1019.0,1391.0,1828.0,1741.0,1670.0
6.0,21.0,25.0,33.0,40.0
21.0,25.0,33.0,40.0,56.0
25.0,33.0,40.0,56.0,70.0
33.0,40.0,56.0,70.0,77.0
40.0,56.0,70.0,77.0,82.0
56.0,70.0,77.0,82.0,99.0
70.0,77.0,82.0,99.0,97.0
77.0,82.0,99.0,97.0,93.0
82.0,99.0,97.0,93.0,88.0
99.0,97.0,93.0,88.0,82.0
97.0,93.0,88.0,82.0,75.0
93.0,88.0,82.0,75.0,64.0
88.0,82.0,75.0,64.0,61.0
82.0,75.0,64.0,61.0,36.0
75.0,64.0,61.0,36.0,28.0
64.0,61.0,36.0,28.0,18.0
61.0,36.0,28.0,18.0,42.0
36.0,28.0,18.0,42.0,22.0
28.0,18.0,42.0,22.0,20.0
18.0,42.0,22.0,20.0,33.0
42.0,22.0,20.0,33.0,22.0
22.0,20.0,33.0,22.0,6.0
20.0,33.0,22.0,6.0,6.0
33.0,22.0,6.0,6.0,3.0
22.0,6.0,6.0,3.0,1.0
6.0,6.0,3.0,1.0,1.0
6.0,3.0,1.0,1.0,6.0
3.0,1.0,1.0,6.0,3.0
1.0,1.0,6.0,3.0,3.0
1.0,6.0,3.0,3.0,2.0
6.0,3.0,3.0,2.0,0.0
3.0,3.0,2.0,0.0,0.0
3.0,2.0,0.0,0.0,1.0
2.0,0.0,0.0,1.0,1.0
1.0,1.0,0.0,1.0,0.0
1.0,0.0,1.0,0.0,0.0
1.0,0.0,0.0,1.0,1.0
1.0,1.0,0.0,0.0,0.0
1.0,0.0,0.0,0.0,1.0
1.0,3.0,0.0,0.0,0.0
3.0,0.0,0.0,0.0,4.0
4.0,1.0,3.0,6.0,8.0
1.0,3.0,6.0,8.0,17.0
3.0,6.0,8.0,17.0,5.0
4.0,23.0,51.0,45.0,40.0
23.0,51.0,45.0,40.0,38.0
51.0,45.0,40.0,38.0,72.0
45.0,40.0,38.0,72.0,74.0
40.0,38.0,72.0,74.0,70.0
38.0,72.0,74.0,70.0,71.0
72.0,74.0,70.0,71.0,73.0
74.0,70.0,71.0,73.0,109.0
70.0,71.0,73.0,109.0,89.0
71.0,73.0,109.0,89.0,87.0
73.0,109.0,89.0,87.0,63.0
109.0,89.0,87.0,63.0,67.0
89.0,87.0,63.0,67.0,52.0
87.0,63.0,67.0,52.0,40.0
63.0,67.0,52.0,40.0,32.0
67.0,52.0,40.0,32.0,30.0
52.0,40.0,32.0,30.0,34.0
40.0,32.0,30.0,34.0,15.0
32.0,30.0,34.0,15.0,28.0
30.0,34.0,15.0,28.0,19.0
34.0,15.0,28.0,19.0,15.0
15.0,28.0,19.0,15.0,11.0
28.0,19.0,15.0,11.0,5.0
19.0,15.0,11.0,5.0,3.0
15.0,11.0,5.0,3.0,2.0
11.0,5.0,3.0,2.0,3.0
5.0,3.0,2.0,3.0,1.0
3.0,2.0,3.0,1.0,0.0
2.0,3.0,1.0,0.0,0.0
3.0,1.0,0.0,0.0,0.0
1.0,0.0,0.0,0.0,1.0
1.0,0.0,0.0,0.0,0.0
1.0,0.0,0.0,0.0,0.0
17.0,16.0,19.0,42.0,24.0
16.0,19.0,42.0,24.0,45.0
19.0,42.0,24.0,45.0,123.0
42.0,24.0,45.0,123.0,132.0
24.0,45.0,123.0,132.0,110.0
45.0,123.0,132.0,110.0,61.0
123.0,132.0,110.0,61.0,62.0
132.0,110.0,61.0,62.0,63.0
110.0,61.0,62.0,63.0,105.0
61.0,62.0,63.0,105.0,66.0
62.0,63.0,105.0,66.0,59.0
63.0,105.0,66.0,59.0,52.0
105.0,66.0,59.0,52.0,42.0
66.0,59.0,52.0,42.0,27.0
59.0,52.0,42.0,27.0,17.0
52.0,42.0,27.0,17.0,25.0
42.0,27.0,17.0,25.0,14.0
27.0,17.0,25.0,14.0,14.0
17.0,25.0,14.0,14.0,10.0
25.0,14.0,14.0,10.0,7.0
14.0,14.0,10.0,7.0,5.0
14.0,10.0,7.0,5.0,4.0
10.0,7.0,5.0,4.0,1.0
7.0,5.0,4.0,1.0,2.0
5.0,4.0,1.0,2.0,1.0
4.0,1.0,2.0,1.0,28.0
1.0,2.0,1.0,28.0,2.0
2.0,1.0,28.0,2.0,0.0
1.0,28.0,2.0,0.0,0.0
28.0,2.0,0.0,0.0,0.0
2.0,0.0,0.0,0.0,0.0
1.0,7.0,0.0,2.0,0.0
7.0,0.0,2.0,0.0,0.0
2.0,0.0,0.0,0.0,0.0
12.0,4.0,0.0,1.0,0.0
4.0,0.0,1.0,0.0,1.0
1.0,0.0,1.0,1.0,2.0
5.0,15.0,19.0,26.0,31.0
15.0,19.0,26.0,31.0,43.0
19.0,26.0,31.0,43.0,78.0
26.0,31.0,43.0,78.0,56.0
31.0,43.0,78.0,56.0,55.0
43.0,78.0,56.0,55.0,57.0
78.0,56.0,55.0,57.0,74.0
56.0,55.0,57.0,74.0,58.0
55.0,57.0,74.0,58.0,72.0
57.0,74.0,58.0,72.0,68.0
74.0,58.0,72.0,68.0,50.0
58.0,72.0,68.0,50.0,61.0
72.0,68.0,50.0,61.0,31.0
68.0,50.0,61.0,31.0,35.0
50.0,61.0,31.0,35.0,41.0
61.0,31.0,35.0,41.0,33.0
31.0,35.0,41.0,33.0,34.0
35.0,41.0,33.0,34.0,22.0
41.0,33.0,34.0,22.0,20.0
33.0,34.0,22.0,20.0,13.0
34.0,22.0,20.0,13.0,3.0
22.0,20.0,13.0,3.0,2.0
20.0,13.0,3.0,2.0,1.0
13.0,3.0,2.0,1.0,1.0
3.0,2.0,1.0,1.0,2.0
2.0,1.0,1.0,2.0,1.0
1.0,1.0,2.0,1.0,2.0
1.0,2.0,1.0,2.0,3.0
2.0,1.0,2.0,3.0,0.0
1.0,2.0,3.0,0.0,0.0
2.0,3.0,0.0,0.0,0.0
3.0,0.0,0.0,0.0,1.0
1.0,0.0,1.0,0.0,0.0
1.0,0.0,0.0,0.0,0.0
8.0,6.0,24.0,21.0,10.0
6.0,24.0,21.0,10.0,36.0
24.0,21.0,10.0,36.0,46.0
21.0,10.0,36.0,46.0,48.0
10.0,36.0,46.0,48.0,37.0
36.0,46.0,48.0,37.0,60.0
46.0,48.0,37.0,60.0,43.0
48.0,37.0,60.0,43.0,68.0
37.0,60.0,43.0,68.0,72.0
60.0,43.0,68.0,72.0,50.0
43.0,68.0,72.0,50.0,61.0
68.0,72.0,50.0,61.0,74.0
72.0,50.0,61.0,74.0,68.0
50.0,61.0,74.0,68.0,46.0
61.0,74.0,68.0,46.0,51.0
74.0,68.0,46.0,51.0,30.0
68.0,46.0,51.0,30.0,29.0
46.0,51.0,30.0,29.0,21.0
51.0,30.0,29.0,21.0,24.0
30.0,29.0,21.0,24.0,16.0
29.0,21.0,24.0,16.0,12.0
21.0,24.0,16.0,12.0,11.0
24.0,16.0,12.0,11.0,9.0
16.0,12.0,11.0,9.0,4.0
12.0,11.0,9.0,4.0,1.0
11.0,9.0,4.0,1.0,1.0
9.0,4.0,1.0,1.0,1.0
4.0,1.0,1.0,1.0,0.0
1.0,1.0,1.0,0.0,0.0
1.0,1.0,0.0,0.0,0.0
1.0,0.0,0.0,0.0,0.0
1.0,0.0,0.0,0.0,0.0
5.0,11.0,0.0,18.0,36.0
11.0,0.0,18.0,36.0,37.0
18.0,36.0,37.0,0.0,53.0
36.0,37.0,0.0,53.0,78.0
37.0,0.0,53.0,78.0,46.0
53.0,78.0,46.0,47.0,58.0
78.0,46.0,47.0,58.0,85.0
46.0,47.0,58.0,85.0,72.0
47.0,58.0,85.0,72.0,52.0
58.0,85.0,72.0,52.0,61.0
85.0,72.0,52.0,61.0,37.0
72.0,52.0,61.0,37.0,42.0
52.0,61.0,37.0,42.0,31.0
61.0,37.0,42.0,31.0,33.0
37.0,42.0,31.0,33.0,40.0
42.0,31.0,33.0,40.0,28.0
31.0,33.0,40.0,28.0,28.0
33.0,40.0,28.0,28.0,13.0
40.0,28.0,28.0,13.0,12.0
28.0,28.0,13.0,12.0,5.0
28.0,13.0,12.0,5.0,3.0
13.0,12.0,5.0,3.0,1.0
12.0,5.0,3.0,1.0,0.0
5.0,3.0,1.0,0.0,0.0
3.0,1.0,0.0,0.0,0.0
1.0,0.0,0.0,0.0,0.0
1.0,0.0,0.0,0.0,0.0
4.0,9.0,12.0,19.0,29.0
9.0,12.0,19.0,29.0,20.0
12.0,19.0,29.0,20.0,35.0
19.0,29.0,20.0,35.0,28.0
29.0,20.0,35.0,28.0,26.0
20.0,35.0,28.0,26.0,22.0
35.0,28.0,26.0,22.0,24.0
28.0,26.0,22.0,24.0,29.0
26.0,22.0,24.0,29.0,16.0
22.0,24.0,29.0,16.0,32.0
24.0,29.0,16.0,32.0,40.0
29.0,16.0,32.0,40.0,39.0
16.0,32.0,40.0,39.0,30.0
32.0,40.0,39.0,30.0,28.0
40.0,39.0,30.0,28.0,22.0
39.0,30.0,28.0,22.0,21.0
30.0,28.0,22.0,21.0,10.0
28.0,22.0,21.0,10.0,12.0
22.0,21.0,10.0,12.0,14.0
21.0,10.0,12.0,14.0,9.0
10.0,12.0,14.0,9.0,5.0
12.0,14.0,9.0,5.0,4.0
14.0,9.0,5.0,4.0,2.0
9.0,5.0,4.0,2.0,1.0
5.0,4.0,2.0,1.0,2.0
4.0,2.0,1.0,2.0,203.0
2.0,1.0,2.0,203.0,1.0
1.0,2.0,203.0,1.0,4.0
2.0,203.0,1.0,4.0,1.0
203.0,1.0,4.0,1.0,1.0
1.0,4.0,1.0,1.0,0.0
4.0,1.0,1.0,0.0,0.0
1.0,1.0,0.0,0.0,0.0
1.0,0.0,0.0,0.0,0.0
2.0,0.0,0.0,0.0,0.0
2.0,0.0,0.0,0.0,0.0
1.0,0.0,0.0,1.0,2.0
61.0,0.0,3.0,71.0,0.0
3.0,71.0,0.0,40.0,0.0
71.0,0.0,40.0,0.0,43.0
40.0,0.0,43.0,67.0,70.0
43.0,67.0,70.0,99.0,88.0
67.0,70.0,99.0,88.0,79.0
70.0,99.0,88.0,79.0,13.0
99.0,88.0,79.0,13.0,0.0
88.0,79.0,13.0,0.0,0.0
79.0,13.0,0.0,0.0,57.0
13.0,0.0,0.0,57.0,0.0
57.0,0.0,0.0,14.0,0.0
14.0,0.0,0.0,0.0,0.0
1.0,0.0,0.0,-10.0,0.0
4.0,4.0,9.0,15.0,14.0
4.0,9.0,15.0,14.0,23.0
9.0,15.0,14.0,23.0,29.0
15.0,14.0,23.0,29.0,30.0
14.0,23.0,29.0,30.0,39.0
23.0,29.0,30.0,39.0,34.0
29.0,30.0,39.0,34.0,34.0
30.0,39.0,34.0,34.0,35.0
39.0,34.0,34.0,35.0,37.0
34.0,34.0,35.0,37.0,33.0
34.0,35.0,37.0,33.0,32.0
35.0,37.0,33.0,32.0,35.0
37.0,33.0,32.0,35.0,31.0
33.0,32.0,35.0,31.0,29.0
32.0,35.0,31.0,29.0,24.0
35.0,31.0,29.0,24.0,23.0
31.0,29.0,24.0,23.0,28.0
29.0,24.0,23.0,28.0,27.0
24.0,23.0,28.0,27.0,23.0
23.0,28.0,27.0,23.0,11.0
28.0,27.0,23.0,11.0,13.0
27.0,23.0,11.0,13.0,9.0
23.0,11.0,13.0,9.0,3.0
11.0,13.0,9.0,3.0,2.0
13.0,9.0,3.0,2.0,0.0
9.0,3.0,2.0,0.0,0.0
3.0,2.0,0.0,0.0,0.0
2.0,0.0,0.0,0.0,0.0
3.0,18.0,30.0,18.0,35.0
18.0,30.0,18.0,35.0,22.0
30.0,18.0,35.0,22.0,15.0
18.0,35.0,22.0,15.0,35.0
35.0,22.0,15.0,35.0,29.0
22.0,15.0,35.0,29.0,36.0
15.0,35.0,29.0,36.0,53.0
35.0,29.0,36.0,53.0,37.0
29.0,36.0,53.0,37.0,29.0
36.0,53.0,37.0,29.0,23.0
53.0,37.0,29.0,23.0,22.0
37.0,29.0,23.0,22.0,15.0
29.0,23.0,22.0,15.0,2.0
23.0,22.0,15.0,2.0,40.0
22.0,15.0,2.0,40.0,18.0
15.0,2.0,40.0,18.0,19.0
2.0,40.0,18.0,19.0,13.0
40.0,18.0,19.0,13.0,11.0
18.0,19.0,13.0,11.0,8.0
19.0,13.0,11.0,8.0,7.0
13.0,11.0,8.0,7.0,7.0
11.0,8.0,7.0,7.0,2.0
8.0,7.0,7.0,2.0,2.0
7.0,7.0,2.0,2.0,5.0
7.0,2.0,2.0,5.0,7.0
2.0,2.0,5.0,7.0,5.0
2.0,5.0,7.0,5.0,1.0
5.0,7.0,5.0,1.0,2.0
7.0,5.0,1.0,2.0,1.0
5.0,1.0,2.0,1.0,0.0
1.0,2.0,1.0,0.0,0.0
2.0,1.0,0.0,0.0,0.0
1.0,0.0,0.0,0.0,0.0
3.0,7.0,13.0,16.0,25.0
7.0,13.0,16.0,25.0,21.0
13.0,16.0,25.0,21.0,18.0
16.0,25.0,21.0,18.0,34.0
25.0,21.0,18.0,34.0,35.0
21.0,18.0,34.0,35.0,30.0
18.0,34.0,35.0,30.0,24.0
34.0,35.0,30.0,24.0,23.0
35.0,30.0,24.0,23.0,28.0
30.0,24.0,23.0,28.0,19.0
24.0,23.0,28.0,19.0,20.0
23.0,28.0,19.0,20.0,23.0
28.0,19.0,20.0,23.0,20.0
19.0,20.0,23.0,20.0,22.0
20.0,23.0,20.0,22.0,19.0
23.0,20.0,22.0,19.0,12.0
20.0,22.0,19.0,12.0,19.0
22.0,19.0,12.0,19.0,15.0
19.0,12.0,19.0,15.0,12.0
12.0,19.0,15.0,12.0,7.0
19.0,15.0,12.0,7.0,11.0
15.0,12.0,7.0,11.0,14.0
12.0,7.0,11.0,14.0,13.0
7.0,11.0,14.0,13.0,6.0
11.0,14.0,13.0,6.0,6.0
14.0,13.0,6.0,6.0,5.0
13.0,6.0,6.0,5.0,1.0
6.0,6.0,5.0,1.0,0.0
6.0,5.0,1.0,0.0,1.0
5.0,1.0,0.0,1.0,2.0
1.0,0.0,1.0,2.0,2.0
1.0,2.0,2.0,3.0,4.0
2.0,2.0,3.0,4.0,0.0
2.0,3.0,4.0,0.0,0.0
3.0,4.0,0.0,0.0,0.0
4.0,0.0,0.0,0.0,0.0
1.0,0.0,0.0,0.0,0.0
1.0,0.0,0.0,1.0,1.0
2.0,2.0,5.0,6.0,6.0
2.0,5.0,6.0,6.0,12.0
5.0,6.0,6.0,12.0,5.0
6.0,6.0,12.0,5.0,6.0
6.0,12.0,5.0,6.0,15.0
12.0,5.0,6.0,15.0,21.0
5.0,6.0,15.0,21.0,15.0
6.0,15.0,21.0,15.0,26.0
15.0,21.0,15.0,26.0,34.0
21.0,15.0,26.0,34.0,35.0
15.0,26.0,34.0,35.0,37.0
26.0,34.0,35.0,37.0,50.0
34.0,35.0,37.0,50.0,18.0
35.0,37.0,50.0,18.0,12.0
37.0,50.0,18.0,12.0,24.0
50.0,18.0,12.0,24.0,29.0
18.0,12.0,24.0,29.0,18.0
12.0,24.0,29.0,18.0,17.0
24.0,29.0,18.0,17.0,24.0
29.0,18.0,17.0,24.0,6.0
18.0,17.0,24.0,6.0,20.0
17.0,24.0,6.0,20.0,12.0
24.0,6.0,20.0,12.0,7.0
6.0,20.0,12.0,7.0,6.0
20.0,12.0,7.0,6.0,6.0
12.0,7.0,6.0,6.0,3.0
7.0,6.0,6.0,3.0,0.0
6.0,6.0,3.0,0.0,1.0
6.0,3.0,0.0,1.0,0.0
3.0,0.0,1.0,0.0,0.0
1.0,0.0,0.0,0.0,0.0
1.0,0.0,0.0,0.0,0.0
1.0,0.0,0.0,0.0,0.0
1.0,0.0,2.0,1.0,0.0
2.0,1.0,0.0,2.0,4.0
1.0,0.0,2.0,4.0,0.0
2.0,4.0,0.0,13.0,0.0
4.0,0.0,13.0,0.0,12.0
13.0,0.0,12.0,55.0,172.0
12.0,55.0,172.0,180.0,173.0
55.0,172.0,180.0,173.0,186.0
172.0,180.0,173.0,186.0,26.0
180.0,173.0,186.0,26.0,37.0
173.0,186.0,26.0,37.0,50.0
186.0,26.0,37.0,50.0,63.0
26.0,37.0,50.0,63.0,80.0
37.0,50.0,63.0,80.0,94.0
50.0,63.0,80.0,94.0,104.0
63.0,80.0,94.0,104.0,71.0
8.0,14.0,5.0,27.0,12.0
14.0,5.0,27.0,12.0,11.0
5.0,27.0,12.0,11.0,20.0
27.0,12.0,11.0,20.0,3.0
12.0,11.0,20.0,3.0,25.0
11.0,20.0,3.0,25.0,29.0
20.0,3.0,25.0,29.0,23.0
3.0,25.0,29.0,23.0,21.0
25.0,29.0,23.0,21.0,16.0
29.0,23.0,21.0,16.0,25.0
23.0,21.0,16.0,25.0,21.0
21.0,16.0,25.0,21.0,23.0
16.0,25.0,21.0,23.0,18.0
25.0,21.0,23.0,18.0,11.0
21.0,23.0,18.0,11.0,11.0
23.0,18.0,11.0,11.0,5.0
18.0,11.0,11.0,5.0,10.0
11.0,11.0,5.0,10.0,14.0
11.0,5.0,10.0,14.0,6.0
5.0,10.0,14.0,6.0,3.0
10.0,14.0,6.0,3.0,5.0
14.0,6.0,3.0,5.0,1.0
6.0,3.0,5.0,1.0,6.0
3.0,5.0,1.0,6.0,6.0
5.0,1.0,6.0,6.0,2.0
1.0,6.0,6.0,2.0,1.0
6.0,6.0,2.0,1.0,3.0
6.0,2.0,1.0,3.0,0.0
2.0,1.0,3.0,0.0,0.0
1.0,3.0,0.0,0.0,1.0
3.0,0.0,0.0,1.0,0.0
1.0,0.0,10.0,0.0,1.0
10.0,0.0,1.0,2.0,1.0
1.0,2.0,1.0,0.0,4.0
2.0,1.0,0.0,4.0,0.0
1.0,0.0,4.0,0.0,4.0
4.0,0.0,4.0,4.0,2.0
4.0,4.0,2.0,0.0,1.0
4.0,2.0,0.0,1.0,6.0
2.0,0.0,1.0,6.0,0.0
1.0,6.0,0.0,1.0,1.0
6.0,0.0,1.0,1.0,5.0
1.0,1.0,5.0,10.0,4.0
1.0,5.0,10.0,4.0,13.0
5.0,10.0,4.0,13.0,11.0
10.0,4.0,13.0,11.0,11.0
4.0,13.0,11.0,11.0,13.0
7.0,4.0,13.0,7.0,13.0
4.0,13.0,7.0,13.0,13.0
13.0,7.0,13.0,13.0,30.0
7.0,13.0,13.0,30.0,16.0
13.0,13.0,30.0,16.0,23.0
13.0,30.0,16.0,23.0,34.0
30.0,16.0,23.0,34.0,13.0
16.0,23.0,34.0,13.0,21.0
23.0,34.0,13.0,21.0,16.0
34.0,13.0,21.0,16.0,24.0
13.0,21.0,16.0,24.0,14.0
21.0,16.0,24.0,14.0,20.0
16.0,24.0,14.0,20.0,9.0
24.0,14.0,20.0,9.0,7.0
14.0,20.0,9.0,7.0,6.0
20.0,9.0,7.0,6.0,4.0
9.0,7.0,6.0,4.0,8.0
7.0,6.0,4.0,8.0,4.0
6.0,4.0,8.0,4.0,3.0
4.0,8.0,4.0,3.0,8.0
8.0,4.0,3.0,8.0,2.0
4.0,3.0,8.0,2.0,5.0
3.0,8.0,2.0,5.0,0.0
8.0,2.0,5.0,0.0,0.0
2.0,5.0,0.0,0.0,1.0
5.0,0.0,0.0,1.0,0.0
1.0,0.0,1.0,0.0,0.0
1.0,0.0,0.0,1.0,1.0
1.0,1.0,0.0,0.0,0.0
1.0,0.0,0.0,0.0,0.0
1.0,0.0,1.0,3.0,0.0
1.0,3.0,0.0,0.0,0.0
3.0,0.0,0.0,0.0,2.0
2.0,0.0,0.0,2.0,7.0
2.0,7.0,0.0,2.0,3.0
7.0,0.0,2.0,3.0,3.0
2.0,3.0,3.0,2.0,8.0
3.0,3.0,2.0,8.0,9.0
1.0,6.0,5.0,5.0,15.0
6.0,5.0,5.0,15.0,15.0
5.0,5.0,15.0,15.0,17.0
5.0,15.0,15.0,17.0,17.0
15.0,15.0,17.0,17.0,14.0
15.0,17.0,17.0,14.0,8.0
17.0,17.0,14.0,8.0,9.0
17.0,14.0,8.0,9.0,13.0
14.0,8.0,9.0,13.0,9.0
8.0,9.0,13.0,9.0,22.0
9.0,13.0,9.0,22.0,15.0
13.0,9.0,22.0,15.0,23.0
9.0,22.0,15.0,23.0,11.0
22.0,15.0,23.0,11.0,12.0
15.0,23.0,11.0,12.0,21.0
23.0,11.0,12.0,21.0,12.0
11.0,12.0,21.0,12.0,14.0
12.0,21.0,12.0,14.0,18.0
21.0,12.0,14.0,18.0,8.0
12.0,14.0,18.0,8.0,9.0
14.0,18.0,8.0,9.0,1.0
18.0,8.0,9.0,1.0,5.0
8.0,9.0,1.0,5.0,0.0
9.0,1.0,5.0,0.0,1.0
1.0,5.0,0.0,1.0,1.0
5.0,0.0,1.0,1.0,1.0
1.0,1.0,1.0,2.0,0.0
1.0,1.0,2.0,0.0,0.0
1.0,2.0,0.0,0.0,1.0
2.0,0.0,0.0,1.0,5.0
1.0,5.0,1.0,0.0,0.0
5.0,1.0,0.0,0.0,0.0
1.0,0.0,0.0,0.0,0.0
4.0,5.0,8.0,17.0,24.0
5.0,8.0,17.0,24.0,21.0
8.0,17.0,24.0,21.0,4.0
17.0,24.0,21.0,4.0,17.0
24.0,21.0,4.0,17.0,19.0
21.0,4.0,17.0,19.0,24.0
4.0,17.0,19.0,24.0,15.0
17.0,19.0,24.0,15.0,20.0
19.0,24.0,15.0,20.0,15.0
24.0,15.0,20.0,15.0,11.0
15.0,20.0,15.0,11.0,10.0
20.0,15.0,11.0,10.0,9.0
15.0,11.0,10.0,9.0,15.0
11.0,10.0,9.0,15.0,11.0
10.0,9.0,15.0,11.0,11.0
9.0,15.0,11.0,11.0,6.0
15.0,11.0,11.0,6.0,5.0
11.0,11.0,6.0,5.0,7.0
11.0,6.0,5.0,7.0,2.0
6.0,5.0,7.0,2.0,4.0
5.0,7.0,2.0,4.0,2.0
7.0,2.0,4.0,2.0,3.0
2.0,4.0,2.0,3.0,2.0
4.0,2.0,3.0,2.0,1.0
2.0,3.0,2.0,1.0,0.0
3.0,2.0,1.0,0.0,0.0
2.0,1.0,0.0,0.0,0.0
1.0,0.0,0.0,0.0,0.0
1.0,0.0,2.0,0.0,0.0
2.0,0.0,0.0,0.0,0.0
3.0,18.0,0.0,13.0,10.0
18.0,0.0,13.0,10.0,5.0
13.0,10.0,5.0,7.0,20.0
10.0,5.0,7.0,20.0,9.0
5.0,7.0,20.0,9.0,13.0
7.0,20.0,9.0,13.0,11.0
20.0,9.0,13.0,11.0,16.0
9.0,13.0,11.0,16.0,12.0
13.0,11.0,16.0,12.0,11.0
11.0,16.0,12.0,11.0,18.0
16.0,12.0,11.0,18.0,4.0
12.0,11.0,18.0,4.0,11.0
11.0,18.0,4.0,11.0,12.0
18.0,4.0,11.0,12.0,15.0
4.0,11.0,12.0,15.0,5.0
11.0,12.0,15.0,5.0,7.0
12.0,15.0,5.0,7.0,0.0
15.0,5.0,7.0,0.0,4.0
5.0,7.0,0.0,4.0,9.0
7.0,0.0,4.0,9.0,2.0
4.0,9.0,2.0,1.0,4.0
9.0,2.0,1.0,4.0,2.0
2.0,1.0,4.0,2.0,1.0
1.0,4.0,2.0,1.0,1.0
4.0,2.0,1.0,1.0,3.0
2.0,1.0,1.0,3.0,0.0
1.0,1.0,3.0,0.0,2.0
1.0,3.0,0.0,2.0,1.0
3.0,0.0,2.0,1.0,0.0
2.0,1.0,0.0,0.0,0.0
1.0,0.0,0.0,0.0,0.0
1.0,0.0,0.0,1.0,0.0
3.0,2.0,10.0,7.0,13.0
2.0,10.0,7.0,13.0,11.0
10.0,7.0,13.0,11.0,10.0
7.0,13.0,11.0,10.0,7.0
13.0,11.0,10.0,7.0,24.0
11.0,10.0,7.0,24.0,14.0
10.0,7.0,24.0,14.0,15.0
7.0,24.0,14.0,15.0,12.0
24.0,14.0,15.0,12.0,14.0
14.0,15.0,12.0,14.0,23.0
15.0,12.0,14.0,23.0,8.0
12.0,14.0,23.0,8.0,11.0
14.0,23.0,8.0,11.0,11.0
23.0,8.0,11.0,11.0,13.0
8.0,11.0,11.0,13.0,5.0
11.0,11.0,13.0,5.0,6.0
11.0,13.0,5.0,6.0,6.0
13.0,5.0,6.0,6.0,4.0
5.0,6.0,6.0,4.0,1.0
6.0,6.0,4.0,1.0,2.0
6.0,4.0,1.0,2.0,4.0
4.0,1.0,2.0,4.0,4.0
1.0,2.0,4.0,4.0,0.0
2.0,4.0,4.0,0.0,2.0
4.0,4.0,0.0,2.0,3.0
4.0,0.0,2.0,3.0,0.0
2.0,3.0,0.0,0.0,0.0
3.0,0.0,0.0,0.0,0.0
1.0,0.0,0.0,1.0,1.0
1.0,3.0,6.0,5.0,10.0
3.0,6.0,5.0,10.0,18.0
6.0,5.0,10.0,18.0,11.0
5.0,10.0,18.0,11.0,15.0
10.0,18.0,11.0,15.0,13.0
18.0,11.0,15.0,13.0,10.0
11.0,15.0,13.0,10.0,12.0
15.0,13.0,10.0,12.0,12.0
13.0,10.0,12.0,12.0,5.0
10.0,12.0,12.0,5.0,6.0
12.0,12.0,5.0,6.0,5.0
12.0,5.0,6.0,5.0,5.0
5.0,6.0,5.0,5.0,0.0
6.0,5.0,5.0,0.0,3.0
5.0,5.0,0.0,3.0,8.0
5.0,0.0,3.0,8.0,4.0
3.0,8.0,4.0,1.0,2.0
8.0,4.0,1.0,2.0,6.0
4.0,1.0,2.0,6.0,6.0
1.0,2.0,6.0,6.0,3.0
2.0,6.0,6.0,3.0,0.0
6.0,6.0,3.0,0.0,1.0
6.0,3.0,0.0,1.0,0.0
3.0,0.0,1.0,0.0,2.0
1.0,0.0,2.0,0.0,0.0
2.0,0.0,0.0,0.0,0.0
2.0,0.0,0.0,0.0,0.0
1.0,3.0,11.0,3.0,11.0
3.0,11.0,3.0,11.0,7.0
11.0,3.0,11.0,7.0,3.0
3.0,11.0,7.0,3.0,3.0
11.0,7.0,3.0,3.0,6.0
7.0,3.0,3.0,6.0,10.0
3.0,3.0,6.0,10.0,2.0
3.0,6.0,10.0,2.0,8.0
6.0,10.0,2.0,8.0,8.0
10.0,2.0,8.0,8.0,19.0
2.0,8.0,8.0,19.0,7.0
8.0,8.0,19.0,7.0,11.0
8.0,19.0,7.0,11.0,7.0
19.0,7.0,11.0,7.0,7.0
7.0,11.0,7.0,7.0,7.0
11.0,7.0,7.0,7.0,6.0
7.0,7.0,7.0,6.0,13.0
7.0,7.0,6.0,13.0,0.0
7.0,6.0,13.0,0.0,2.0
6.0,13.0,0.0,2.0,3.0
13.0,0.0,2.0,3.0,0.0
2.0,3.0,0.0,1.0,0.0
3.0,0.0,1.0,0.0,5.0
1.0,0.0,5.0,0.0,0.0
5.0,0.0,0.0,0.0,0.0
2.0,0.0,1.0,1.0,2.0
1.0,1.0,2.0,2.0,0.0
1.0,2.0,2.0,0.0,3.0
2.0,2.0,0.0,3.0,17.0
2.0,0.0,3.0,17.0,0.0
3.0,17.0,0.0,9.0,8.0
17.0,0.0,9.0,8.0,12.0
9.0,8.0,12.0,6.0,7.0
8.0,12.0,6.0,7.0,10.0
12.0,6.0,7.0,10.0,8.0
6.0,7.0,10.0,8.0,10.0
7.0,10.0,8.0,10.0,10.0
10.0,8.0,10.0,10.0,18.0
8.0,10.0,10.0,18.0,6.0
10.0,10.0,18.0,6.0,2.0
10.0,18.0,6.0,2.0,5.0
18.0,6.0,2.0,5.0,3.0
6.0,2.0,5.0,3.0,1.0
2.0,5.0,3.0,1.0,2.0
5.0,3.0,1.0,2.0,0.0
3.0,1.0,2.0,0.0,0.0
1.0,2.0,0.0,0.0,0.0
2.0,0.0,0.0,0.0,0.0
1.0,-1.0,0.0,0.0,0.0
4.0,2.0,4.0,9.0,1.0
2.0,4.0,9.0,1.0,3.0
4.0,9.0,1.0,3.0,4.0
9.0,1.0,3.0,4.0,1.0
1.0,3.0,4.0,1.0,9.0
3.0,4.0,1.0,9.0,7.0
4.0,1.0,9.0,7.0,12.0
1.0,9.0,7.0,12.0,7.0
9.0,7.0,12.0,7.0,2.0
7.0,12.0,7.0,2.0,10.0
12.0,7.0,2.0,10.0,2.0
7.0,2.0,10.0,2.0,7.0
2.0,10.0,2.0,7.0,3.0
10.0,2.0,7.0,3.0,4.0
2.0,7.0,3.0,4.0,11.0
7.0,3.0,4.0,11.0,6.0
3.0,4.0,11.0,6.0,7.0
4.0,11.0,6.0,7.0,1.0
11.0,6.0,7.0,1.0,2.0
6.0,7.0,1.0,2.0,2.0
7.0,1.0,2.0,2.0,1.0
1.0,2.0,2.0,1.0,3.0
2.0,2.0,1.0,3.0,2.0
2.0,1.0,3.0,2.0,1.0
1.0,3.0,2.0,1.0,1.0
3.0,2.0,1.0,1.0,3.0
2.0,1.0,1.0,3.0,0.0
1.0,1.0,3.0,0.0,0.0
1.0,3.0,0.0,0.0,0.0
3.0,0.0,0.0,0.0,0.0
1.0,0.0,0.0,0.0,0.0
5.0,3.0,4.0,14.0,0.0
3.0,4.0,14.0,0.0,8.0
4.0,14.0,0.0,8.0,4.0
14.0,0.0,8.0,4.0,8.0
8.0,4.0,8.0,19.0,8.0
4.0,8.0,19.0,8.0,7.0
8.0,19.0,8.0,7.0,0.0
19.0,8.0,7.0,0.0,15.0
8.0,7.0,0.0,15.0,8.0
7.0,0.0,15.0,8.0,11.0
15.0,8.0,11.0,4.0,0.0
8.0,11.0,4.0,0.0,5.0
11.0,4.0,0.0,5.0,2.0
4.0,0.0,5.0,2.0,0.0
5.0,2.0,0.0,1.0,1.0
2.0,0.0,1.0,1.0,1.0
1.0,1.0,1.0,1.0,1.0
1.0,1.0,1.0,1.0,0.0
1.0,1.0,1.0,0.0,1.0
1.0,1.0,0.0,1.0,0.0
1.0,0.0,1.0,0.0,0.0
1.0,0.0,0.0,0.0,1.0
1.0,0.0,0.0,0.0,0.0
2.0,0.0,2.0,3.0,7.0
2.0,3.0,7.0,5.0,5.0
3.0,7.0,5.0,5.0,2.0
7.0,5.0,5.0,2.0,3.0
5.0,5.0,2.0,3.0,11.0
5.0,2.0,3.0,11.0,11.0
2.0,3.0,11.0,11.0,4.0
3.0,11.0,11.0,4.0,2.0
11.0,11.0,4.0,2.0,5.0
11.0,4.0,2.0,5.0,0.0
4.0,2.0,5.0,0.0,5.0
2.0,5.0,0.0,5.0,12.0
5.0,0.0,5.0,12.0,4.0
5.0,12.0,4.0,0.0,3.0
12.0,4.0,0.0,3.0,1.0
4.0,0.0,3.0,1.0,3.0
3.0,1.0,3.0,0.0,0.0
1.0,3.0,0.0,0.0,0.0
3.0,0.0,0.0,0.0,1.0
1.0,0.0,0.0,0.0,0.0
11.0,17.0,1.0,4.0,0.0
17.0,1.0,4.0,0.0,1.0
1.0,4.0,0.0,1.0,2.0
4.0,0.0,1.0,2.0,0.0
1.0,2.0,0.0,0.0,2.0
2.0,0.0,0.0,2.0,4.0
2.0,4.0,0.0,0.0,0.0
4.0,0.0,0.0,0.0,1.0
2.0,0.0,3.0,3.0,0.0
3.0,3.0,0.0,0.0,2.0
3.0,0.0,0.0,2.0,0.0
2.0,0.0,2.0,1.0,2.0
2.0,1.0,2.0,0.0,2.0
1.0,2.0,0.0,2.0,4.0
2.0,0.0,2.0,4.0,3.0
2.0,4.0,3.0,1.0,1.0
4.0,3.0,1.0,1.0,3.0
3.0,1.0,1.0,3.0,9.0
1.0,1.0,3.0,9.0,11.0
1.0,3.0,9.0,11.0,1.0
3.0,9.0,11.0,1.0,3.0
9.0,11.0,1.0,3.0,3.0
11.0,1.0,3.0,3.0,0.0
1.0,3.0,3.0,0.0,1.0
3.0,3.0,0.0,1.0,3.0
3.0,0.0,1.0,3.0,2.0
1.0,3.0,2.0,1.0,5.0
3.0,2.0,1.0,5.0,0.0
2.0,1.0,5.0,0.0,1.0
1.0,5.0,0.0,1.0,5.0
5.0,0.0,1.0,5.0,5.0
1.0,5.0,5.0,5.0,7.0
5.0,5.0,5.0,7.0,1.0
5.0,5.0,7.0,1.0,2.0
5.0,7.0,1.0,2.0,1.0
7.0,1.0,2.0,1.0,1.0
1.0,2.0,1.0,1.0,4.0
2.0,1.0,1.0,4.0,0.0
1.0,1.0,4.0,0.0,5.0
1.0,4.0,0.0,5.0,0.0
4.0,0.0,5.0,0.0,2.0
5.0,0.0,2.0,1.0,6.0
2.0,1.0,6.0,1.0,5.0
1.0,6.0,1.0,5.0,6.0
6.0,1.0,5.0,6.0,3.0
1.0,5.0,6.0,3.0,5.0
5.0,6.0,3.0,5.0,6.0
6.0,3.0,5.0,6.0,5.0
3.0,5.0,6.0,5.0,10.0
5.0,6.0,5.0,10.0,7.0
6.0,5.0,10.0,7.0,19.0
5.0,10.0,7.0,19.0,27.0
10.0,7.0,19.0,27.0,48.0
7.0,19.0,27.0,48.0,17.0
1.0,1.0,13.0,4.0,6.0
1.0,13.0,4.0,6.0,7.0
13.0,4.0,6.0,7.0,5.0
4.0,6.0,7.0,5.0,2.0
6.0,7.0,5.0,2.0,7.0
7.0,5.0,2.0,7.0,16.0
5.0,2.0,7.0,16.0,6.0
2.0,7.0,16.0,6.0,4.0
7.0,16.0,6.0,4.0,7.0
16.0,6.0,4.0,7.0,8.0
6.0,4.0,7.0,8.0,5.0
4.0,7.0,8.0,5.0,5.0
7.0,8.0,5.0,5.0,6.0
8.0,5.0,5.0,6.0,2.0
5.0,5.0,6.0,2.0,1.0
5.0,6.0,2.0,1.0,3.0
6.0,2.0,1.0,3.0,5.0
2.0,1.0,3.0,5.0,1.0
1.0,3.0,5.0,1.0,2.0
3.0,5.0,1.0,2.0,0.0
5.0,1.0,2.0,0.0,2.0
1.0,2.0,0.0,2.0,0.0
2.0,0.0,2.0,0.0,0.0
2.0,0.0,0.0,0.0,0.0
1.0,0.0,3.0,0.0,0.0
3.0,0.0,0.0,0.0,0.0
1.0,2.0,1.0,0.0,2.0
2.0,1.0,0.0,2.0,2.0
1.0,0.0,2.0,2.0,1.0
2.0,2.0,1.0,5.0,0.0
2.0,1.0,5.0,0.0,3.0
1.0,5.0,0.0,3.0,6.0
5.0,0.0,3.0,6.0,8.0
3.0,6.0,8.0,11.0,12.0
6.0,8.0,11.0,12.0,5.0
8.0,11.0,12.0,5.0,6.0
11.0,12.0,5.0,6.0,4.0
12.0,5.0,6.0,4.0,9.0
5.0,6.0,4.0,9.0,2.0
6.0,4.0,9.0,2.0,1.0
4.0,9.0,2.0,1.0,2.0
9.0,2.0,1.0,2.0,1.0
2.0,1.0,2.0,1.0,2.0
1.0,2.0,1.0,2.0,2.0
2.0,1.0,2.0,2.0,1.0
1.0,2.0,2.0,1.0,0.0
2.0,2.0,1.0,0.0,0.0
2.0,1.0,0.0,0.0,1.0
1.0,0.0,0.0,1.0,1.0
1.0,1.0,0.0,0.0,0.0
1.0,0.0,0.0,0.0,2.0
2.0,0.0,0.0,0.0,0.0
3.0,0.0,2.0,3.0,4.0
2.0,3.0,4.0,6.0,1.0
3.0,4.0,6.0,1.0,12.0
4.0,6.0,1.0,12.0,0.0
6.0,1.0,12.0,0.0,10.0
1.0,12.0,0.0,10.0,50.0
12.0,0.0,10.0,50.0,3.0
10.0,50.0,3.0,47.0,48.0
50.0,3.0,47.0,48.0,64.0
3.0,47.0,48.0,64.0,45.0
47.0,48.0,64.0,45.0,98.0
48.0,64.0,45.0,98.0,68.0
64.0,45.0,98.0,68.0,230.0
45.0,98.0,68.0,230.0,139.0
98.0,68.0,230.0,139.0,162.0
2.0,0.0,1.0,1.0,1.0
1.0,1.0,1.0,5.0,3.0
1.0,1.0,5.0,3.0,1.0
1.0,5.0,3.0,1.0,3.0
5.0,3.0,1.0,3.0,1.0
3.0,1.0,3.0,1.0,3.0
1.0,3.0,1.0,3.0,3.0
3.0,1.0,3.0,3.0,5.0
1.0,3.0,3.0,5.0,3.0
3.0,3.0,5.0,3.0,4.0
3.0,5.0,3.0,4.0,3.0
5.0,3.0,4.0,3.0,3.0
3.0,4.0,3.0,3.0,3.0
4.0,3.0,3.0,3.0,4.0
3.0,3.0,3.0,4.0,6.0
3.0,3.0,4.0,6.0,4.0
3.0,4.0,6.0,4.0,4.0
4.0,6.0,4.0,4.0,2.0
6.0,4.0,4.0,2.0,5.0
4.0,4.0,2.0,5.0,1.0
4.0,2.0,5.0,1.0,4.0
2.0,5.0,1.0,4.0,1.0
5.0,1.0,4.0,1.0,0.0
1.0,4.0,1.0,0.0,0.0
4.0,1.0,0.0,0.0,0.0
1.0,0.0,0.0,0.0,0.0
1.0,6.0,0.0,4.0,4.0
6.0,0.0,4.0,4.0,1.0
4.0,4.0,1.0,3.0,1.0
4.0,1.0,3.0,1.0,3.0
1.0,3.0,1.0,3.0,4.0
3.0,1.0,3.0,4.0,7.0
1.0,3.0,4.0,7.0,1.0
3.0,4.0,7.0,1.0,7.0
4.0,7.0,1.0,7.0,4.0
7.0,1.0,7.0,4.0,4.0
1.0,7.0,4.0,4.0,2.0
7.0,4.0,4.0,2.0,2.0
4.0,4.0,2.0,2.0,4.0
4.0,2.0,2.0,4.0,0.0
2.0,2.0,4.0,0.0,2.0
2.0,4.0,0.0,2.0,1.0
4.0,0.0,2.0,1.0,4.0
2.0,1.0,4.0,3.0,2.0
1.0,4.0,3.0,2.0,2.0
4.0,3.0,2.0,2.0,1.0
3.0,2.0,2.0,1.0,2.0
2.0,2.0,1.0,2.0,0.0
2.0,1.0,2.0,0.0,0.0
1.0,2.0,0.0,0.0,0.0
2.0,0.0,0.0,0.0,0.0
1.0,1.0,1.0,3.0,4.0
1.0,1.0,3.0,4.0,1.0
1.0,3.0,4.0,1.0,5.0
3.0,4.0,1.0,5.0,4.0
4.0,1.0,5.0,4.0,5.0
1.0,5.0,4.0,5.0,2.0
5.0,4.0,5.0,2.0,3.0
4.0,5.0,2.0,3.0,3.0
5.0,2.0,3.0,3.0,0.0
2.0,3.0,3.0,0.0,6.0
3.0,3.0,0.0,6.0,3.0
3.0,0.0,6.0,3.0,2.0
6.0,3.0,2.0,0.0,4.0
3.0,2.0,0.0,4.0,4.0
2.0,0.0,4.0,4.0,5.0
4.0,4.0,5.0,6.0,3.0
4.0,5.0,6.0,3.0,3.0
5.0,6.0,3.0,3.0,0.0
6.0,3.0,3.0,0.0,0.0
3.0,3.0,0.0,0.0,0.0
3.0,0.0,0.0,0.0,1.0
1.0,0.0,0.0,0.0,0.0
1.0,0.0,1.0,0.0,1.0
1.0,0.0,1.0,0.0,1.0
1.0,0.0,1.0,0.0,0.0
1.0,0.0,0.0,0.0,0.0
2.0,0.0,1.0,1.0,3.0
1.0,1.0,3.0,0.0,1.0
1.0,3.0,0.0,1.0,1.0
3.0,0.0,1.0,1.0,0.0
1.0,1.0,0.0,0.0,0.0
1.0,0.0,0.0,0.0,1.0
1.0,0.0,5.0,0.0,1.0
5.0,0.0,1.0,1.0,0.0
1.0,1.0,0.0,0.0,0.0
1.0,0.0,0.0,0.0,0.0
2.0,2.0,0.0,1.0,1.0
2.0,0.0,1.0,1.0,2.0
1.0,1.0,2.0,0.0,2.0
1.0,2.0,0.0,2.0,2.0
2.0,0.0,2.0,2.0,1.0
2.0,2.0,1.0,1.0,0.0
2.0,1.0,1.0,0.0,2.0
1.0,1.0,0.0,2.0,5.0
1.0,0.0,2.0,5.0,1.0
2.0,5.0,1.0,1.0,1.0
5.0,1.0,1.0,1.0,0.0
1.0,1.0,1.0,0.0,2.0
1.0,1.0,0.0,2.0,1.0
1.0,0.0,2.0,1.0,0.0
2.0,1.0,0.0,0.0,0.0
1.0,0.0,0.0,0.0,2.0
2.0,1.0,1.0,1.0,3.0
1.0,1.0,1.0,3.0,6.0
1.0,1.0,3.0,6.0,8.0
1.0,3.0,6.0,8.0,10.0
3.0,6.0,8.0,10.0,23.0
6.0,8.0,10.0,23.0,8.0
8.0,10.0,23.0,8.0,27.0
10.0,23.0,8.0,27.0,18.0
2.0,0.0,0.0,0.0,0.0
4.0,0.0,2.0,0.0,0.0
2.0,0.0,0.0,2.0,0.0
2.0,0.0,3.0,0.0,1.0
3.0,0.0,1.0,1.0,0.0
1.0,1.0,0.0,1.0,0.0
1.0,0.0,1.0,0.0,0.0
1.0,0.0,0.0,0.0,0.0
2.0,12.0,0.0,1.0,7.0
12.0,0.0,1.0,7.0,1.0
1.0,7.0,1.0,8.0,6.0
7.0,1.0,8.0,6.0,3.0
1.0,8.0,6.0,3.0,5.0
8.0,6.0,3.0,5.0,5.0
6.0,3.0,5.0,5.0,9.0
3.0,5.0,5.0,9.0,10.0
5.0,5.0,9.0,10.0,6.0
5.0,9.0,10.0,6.0,3.0
2.0,0.0,0.0,0.0,0.0
1.0,0.0,0.0,1.0,9.0
1.0,9.0,0.0,4.0,0.0
9.0,0.0,4.0,0.0,3.0
4.0,0.0,3.0,0.0,8.0
3.0,0.0,8.0,17.0,14.0
8.0,17.0,14.0,4.0,27.0
17.0,14.0,4.0,27.0,24.0
14.0,4.0,27.0,24.0,33.0
4.0,27.0,24.0,33.0,52.0
27.0,24.0,33.0,52.0,54.0
24.0,33.0,52.0,54.0,53.0
1.0,0.0,5.0,0.0,0.0
5.0,0.0,0.0,2.0,0.0
2.0,0.0,1.0,2.0,2.0
1.0,2.0,2.0,2.0,2.0
2.0,2.0,2.0,2.0,1.0
2.0,2.0,2.0,1.0,0.0
2.0,2.0,1.0,0.0,0.0
2.0,1.0,0.0,0.0,0.0
1.0,0.0,0.0,0.0,0.0
1.0,0.0,0.0,3.0,1.0
3.0,1.0,1.0,0.0,0.0
1.0,1.0,0.0,0.0,0.0
1.0,0.0,0.0,0.0,0.0
1.0,0.0,2.0,0.0,0.0
2.0,0.0,0.0,0.0,0.0
1.0,1.0,3.0,2.0,0.0
1.0,3.0,2.0,0.0,1.0
1.0,0.0,2.0,0.0,0.0
2.0,0.0,0.0,3.0,6.0
3.0,6.0,11.0,0.0,7.0
6.0,11.0,0.0,7.0,0.0
11.0,0.0,7.0,0.0,19.0
7.0,0.0,19.0,17.0,14.0
2.0,0.0,1.0,7.0,0.0
1.0,7.0,0.0,1.0,0.0
7.0,0.0,1.0,0.0,1.0
1.0,0.0,1.0,0.0,3.0
1.0,0.0,0.0,0.0,1.0
1.0,0.0,0.0,0.0,0.0
1.0,6.0,2.0,7.0,29.0
6.0,2.0,7.0,29.0,11.0
2.0,7.0,29.0,11.0,14.0
7.0,29.0,11.0,14.0,8.0
29.0,11.0,14.0,8.0,12.0
2.0,0.0,0.0,0.0,0.0
2.0,0.0,0.0,0.0,1.0
1.0,3.0,2.0,1.0,3.0
3.0,2.0,1.0,3.0,12.0
2.0,1.0,3.0,12.0,0.0
1.0,1.0,0.0,0.0,0.0
1.0,0.0,0.0,0.0,1.0
1.0,3.0,0.0,0.0,5.0
3.0,0.0,0.0,5.0,3.0
1.0,0.0,0.0,0.0,1.0
1.0,4.0,2.0,3.0,0.0
4.0,2.0,3.0,0.0,0.0
2.0,3.0,0.0,0.0,6.0
1.0,0.0,0.0,0.0,0.0
1.0,0.0,1.0,0.0,0.0
1.0,0.0,0.0,0.0,1.0
1.0,1.0,10.0,4.0,5.0
1.0,0.0,0.0,0.0,0.0
4.0,1.0,3.0,0.0,5.0
3.0,0.0,0.0,0.0,0.0
2.0,0.0,0.0,0.0,0.0
1.0,1.0,6.0,0.0,2.0
1.0,6.0,0.0,2.0,0.0
6.0,0.0,2.0,0.0,2.0
2.0,0.0,2.0,1.0,2.0
2.0,1.0,2.0,1.0,0.0
1.0,0.0,4.0,0.0,1.0
4.0,0.0,1.0,12.0,29.0
1.0,12.0,29.0,51.0,94.0
12.0,29.0,51.0,94.0,167.0
29.0,51.0,94.0,167.0,311.0
1.0,0.0,0.0,0.0,0.0
2.0,5.0,2.0,0.0,0.0
1.0,0.0,-1.0,0.0,0.0
1.0,-1.0,0.0,0.0,0.0
1.0,-1.0,0.0,0.0,0.0
1.0,-1.0,0.0,0.0,0.0
1.0,-1.0,0.0,0.0,0.0
1.0,-1.0,0.0,0.0,0.0
1.0,-1.0,0.0,0.0,0.0
1.0,-1.0,0.0,0.0,0.0
1.0,-1.0,0.0,0.0,0.0
2.0,-2.0,0.0,0.0,0.0
3.0,-3.0,0.0,0.0,0.0
1.0,0.0,-1.0,0.0,0.0
1.0,0.0,-1.0,0.0,0.0
1.0,0.0,-1.0,0.0,0.0
1.0,0.0,-1.0,0.0,0.0
1.0,0.0,-1.0,0.0,0.0
1.0,1.0,-2.0,0.0,0.0
1.0,-2.0,0.0,0.0,0.0
1.0,0.0,-1.0,0.0,0.0
1.0,0.0,-1.0,0.0,0.0
1.0,0.0,-1.0,0.0,0.0
1.0,1.0,-2.0,0.0,0.0
1.0,-2.0,0.0,0.0,0.0
1.0,0.0,-1.0,0.0,0.0
1.0,0.0,-1.0,0.0,0.0
1.0,0.0,0.0,0.0,-1.0
1.0,0.0,-1.0,0.0,0.0
1.0,0.0,-1.0,0.0,0.0
1.0,0.0,-1.0,0.0,0.0
1.0,0.0,-1.0,0.0,0.0
1.0,0.0,-1.0,0.0,0.0
1.0,0.0,-1.0,0.0,0.0
2.0,0.0,-2.0,0.0,0.0
1.0,0.0,-1.0,0.0,0.0
2.0,0.0,-2.0,0.0,0.0
4.0,1.0,-5.0,0.0,0.0
1.0,-5.0,0.0,0.0,0.0
1.0,0.0,0.0,0.0,1.0
1.0,0.0,0.0,-2.0,0.0
2.0,0.0,1.0,-3.0,0.0
1.0,-3.0,0.0,0.0,0.0
2.0,0.0,0.0,-2.0,0.0
2.0,0.0,0.0,-2.0,0.0
2.0,0.0,2.0,-4.0,0.0
2.0,-4.0,0.0,0.0,0.0
2.0,0.0,0.0,-2.0,0.0
1.0,0.0,0.0,-1.0,0.0
1.0,0.0,0.0,-1.0,0.0
1.0,0.0,2.0,-3.0,0.0
2.0,-3.0,0.0,0.0,0.0
1.0,0.0,0.0,-1.0,0.0
1.0,0.0,0.0,-1.0,0.0
1.0,0.0,0.0,-1.0,0.0
1.0,1.0,0.0,-2.0,0.0
1.0,0.0,-2.0,0.0,0.0
1.0,0.0,0.0,-1.0,0.0
1.0,0.0,0.0,-1.0,0.0
1.0,0.0,0.0,-1.0,0.0
1.0,0.0,0.0,-1.0,0.0
1.0,3.0,0.0,-4.0,0.0
3.0,0.0,-4.0,0.0,0.0
1.0,0.0,0.0,-1.0,0.0
3.0,0.0,0.0,-3.0,0.0
1.0,1.0,0.0,0.0,0.0
1.0,0.0,0.0,0.0,0.0
1.0,0.0,0.0,-3.0,0.0
1.0,0.0,0.0,0.0,-1.0
1.0,0.0,0.0,0.0,-1.0
1.0,0.0,0.0,2.0,-3.0
2.0,-3.0,0.0,0.0,0.0
1.0,0.0,0.0,0.0,-1.0
1.0,0.0,0.0,0.0,-1.0
1.0,0.0,6.0,0.0,-7.0
6.0,0.0,-7.0,0.0,0.0
1.0,0.0,3.0,1.0,12.0
3.0,1.0,12.0,-17.0,0.0
1.0,12.0,-17.0,0.0,0.0
12.0,-17.0,0.0,0.0,0.0
1.0,0.0,0.0,0.0,-1.0
1.0,0.0,1.0,0.0,-2.0
1.0,0.0,-2.0,0.0,0.0
1.0,0.0,0.0,0.0,-1.0
1.0,0.0,0.0,0.0,-1.0
1.0,0.0,0.0,1.0,0.0
1.0,0.0,0.0,0.0,0.0
1.0,0.0,6.0,2.0,0.0
6.0,2.0,0.0,9.0,0.0
2.0,0.0,9.0,0.0,12.0
9.0,0.0,12.0,6.0,0.0
12.0,6.0,0.0,-38.0,0.0
6.0,0.0,-38.0,0.0,0.0
1.0,0.0,0.0,1.0,0.0
1.0,0.0,-2.0,0.0,0.0
1.0,0.0,2.0,3.0,0.0
2.0,3.0,0.0,-6.0,0.0
3.0,0.0,-6.0,0.0,0.0
1.0,0.0,0.0,0.0,0.0
1.0,0.0,0.0,0.0,0.0
1.0,0.0,0.0,0.0,0.0
1.0,0.0,0.0,3.0,7.0
3.0,7.0,0.0,1.0,7.0
7.0,0.0,1.0,7.0,-19.0
1.0,7.0,-19.0,0.0,0.0
7.0,-19.0,0.0,0.0,0.0
3.0,0.0,1.0,0.0,-4.0
1.0,0.0,-4.0,0.0,0.0
1.0,0.0,0.0,0.0,0.0
2.0,0.0,5.0,0.0,-8.0
5.0,0.0,-8.0,0.0,0.0
2.0,0.0,0.0,0.0,-2.0
1.0,0.0,0.0,0.0,-1.0
2.0,0.0,2.0,0.0,0.0
2.0,0.0,0.0,-4.0,0.0
2.0,1.0,2.0,0.0,1.0
1.0,2.0,0.0,1.0,-6.0
2.0,0.0,1.0,-6.0,0.0
1.0,-6.0,0.0,0.0,0.0
2.0,0.0,7.0,0.0,0.0
7.0,0.0,0.0,-9.0,0.0
1.0,0.0,2.0,0.0,6.0
2.0,0.0,6.0,0.0,-9.0
6.0,0.0,-9.0,0.0,0.0
1.0,0.0,0.0,0.0,0.0
2.0,0.0,0.0,0.0,0.0
1.0,-4.0,0.0,0.0,0.0
1.0,0.0,0.0,1.0,0.0
1.0,0.0,4.0,0.0,-6.0
4.0,0.0,-6.0,0.0,0.0
1.0,0.0,0.0,0.0,0.0
1.0,0.0,0.0,0.0,-2.0
1.0,0.0,0.0,0.0,0.0
1.0,9.0,8.0,1.0,38.0
9.0,8.0,1.0,38.0,26.0
8.0,1.0,38.0,26.0,15.0
1.0,38.0,26.0,15.0,-98.0
38.0,26.0,15.0,-98.0,0.0
26.0,15.0,-98.0,0.0,0.0
15.0,-98.0,0.0,0.0,0.0
1.0,1.0,0.0,0.0,0.0
1.0,0.0,0.0,0.0,0.0
1.0,0.0,-3.0,0.0,0.0
1.0,1.0,0.0,0.0,0.0
1.0,0.0,0.0,0.0,0.0
1.0,0.0,1.0,0.0,3.0
1.0,0.0,3.0,0.0,0.0
3.0,0.0,0.0,2.0,-7.0
2.0,-7.0,0.0,0.0,0.0
1.0,1.0,0.0,0.0,0.0
1.0,0.0,0.0,0.0,0.0
1.0,0.0,0.0,0.0,0.0
2.0,-3.0,0.0,0.0,0.0
1.0,0.0,0.0,0.0,0.0
2.0,0.0,0.0,0.0,1.0
1.0,0.0,2.0,-5.0,0.0
2.0,-5.0,0.0,0.0,0.0
1.0,0.0,1.0,0.0,0.0
1.0,0.0,0.0,0.0,0.0
1.0,5.0,0.0,-8.0,0.0
5.0,0.0,-8.0,0.0,0.0
1.0,1.0,2.0,2.0,2.0
1.0,2.0,2.0,2.0,10.0
2.0,2.0,2.0,10.0,1.0
2.0,2.0,10.0,1.0,8.0
2.0,10.0,1.0,8.0,4.0
10.0,1.0,8.0,4.0,0.0
1.0,8.0,4.0,0.0,-31.0
8.0,4.0,0.0,-31.0,0.0
4.0,0.0,-31.0,0.0,0.0
1.0,0.0,0.0,0.0,0.0
1.0,0.0,0.0,0.0,0.0
1.0,0.0,0.0,0.0,0.0
1.0,0.0,1.0,0.0,0.0
1.0,0.0,0.0,0.0,0.0
1.0,0.0,0.0,0.0,0.0
2.0,0.0,0.0,0.0,0.0
1.0,0.0,0.0,0.0,0.0
6.0,4.0,2.0,1.0,0.0
4.0,2.0,1.0,0.0,0.0
2.0,1.0,0.0,0.0,-14.0
1.0,0.0,0.0,-14.0,0.0
5.0,3.0,5.0,7.0,10.0
3.0,5.0,7.0,10.0,20.0
5.0,7.0,10.0,20.0,7.0
7.0,10.0,20.0,7.0,13.0
10.0,20.0,7.0,13.0,12.0
20.0,7.0,13.0,12.0,0.0
7.0,13.0,12.0,0.0,-83.0
13.0,12.0,0.0,-83.0,0.0
12.0,0.0,-83.0,0.0,0.0
1.0,0.0,0.0,0.0,0.0
1.0,0.0,0.0,0.0,0.0
1.0,1.0,0.0,0.0,1.0
1.0,0.0,0.0,1.0,0.0
1.0,0.0,1.0,1.0,0.0
1.0,1.0,0.0,-7.0,0.0
1.0,0.0,-7.0,0.0,0.0
3.0,1.0,0.0,0.0,0.0
1.0,0.0,0.0,0.0,1.0
1.0,2.0,4.0,5.0,5.0
1.0,0.0,0.0,3.0,0.0
3.0,0.0,3.0,0.0,0.0
3.0,0.0,0.0,0.0,0.0
1.0,0.0,0.0,1.0,0.0
1.0,0.0,1.0,1.0,2.0
2.0,0.0,0.0,0.0,0.0
1.0,0.0,0.0,5.0,0.0
5.0,0.0,1.0,0.0,0.0
1.0,0.0,0.0,0.0,0.0
4.0,0.0,0.0,2.0,5.0
2.0,5.0,3.0,13.0,4.0
5.0,3.0,13.0,4.0,11.0
3.0,13.0,4.0,11.0,34.0
13.0,4.0,11.0,34.0,30.0
4.0,11.0,34.0,30.0,48.0
11.0,34.0,30.0,48.0,43.0
34.0,30.0,48.0,43.0,67.0
30.0,48.0,43.0,67.0,48.0
48.0,43.0,67.0,48.0,61.0
43.0,67.0,48.0,61.0,74.0
67.0,48.0,61.0,74.0,0.0
48.0,61.0,74.0,0.0,342.0
61.0,74.0,0.0,342.0,342.0
74.0,0.0,342.0,342.0,0.0
342.0,342.0,0.0,403.0,407.0
342.0,0.0,403.0,407.0,676.0
403.0,407.0,676.0,63.0,1294.0
407.0,676.0,63.0,1294.0,1035.0
4.0,2.0,3.0,1.0,23.0
2.0,3.0,1.0,23.0,2.0
3.0,1.0,23.0,2.0,9.0
1.0,23.0,2.0,9.0,5.0
23.0,2.0,9.0,5.0,4.0
3.0,0.0,0.0,0.0,0.0
4.0,0.0,0.0,3.0,1.0
3.0,1.0,7.0,2.0,0.0
1.0,7.0,2.0,0.0,1.0
2.0,0.0,0.0,5.0,0.0
5.0,0.0,1.0,8.0,4.0
1.0,0.0,0.0,4.0,0.0
4.0,0.0,1.0,0.0,3.0
1.0,0.0,0.0,0.0,0.0
1.0,0.0,0.0,0.0,0.0
2.0,0.0,0.0,0.0,6.0
6.0,1.0,0.0,1.0,0.0
1.0,0.0,2.0,0.0,0.0
2.0,0.0,0.0,0.0,4.0
1.0,0.0,0.0,0.0,0.0
5.0,1.0,6.0,17.0,10.0
1.0,6.0,17.0,10.0,7.0
6.0,17.0,10.0,7.0,32.0
17.0,10.0,7.0,32.0,5.0
10.0,7.0,32.0,5.0,48.0
4.0,0.0,4.0,21.0,21.0
4.0,21.0,21.0,29.0,15.0
21.0,21.0,29.0,15.0,16.0
3.0,3.0,0.0,1.0,0.0
3.0,0.0,1.0,0.0,4.0
1.0,0.0,4.0,5.0,3.0
3.0,2.0,0.0,0.0,0.0
2.0,0.0,0.0,0.0,0.0
2.0,0.0,0.0,0.0,0.0
2.0,0.0,1.0,1.0,0.0
1.0,1.0,0.0,2.0,1.0
1.0,0.0,2.0,1.0,0.0
2.0,0.0,2.0,1.0,2.0
2.0,1.0,2.0,2.0,0.0
1.0,2.0,2.0,0.0,40.0
2.0,8.0,7.0,16.0,3.0
8.0,7.0,16.0,3.0,6.0
7.0,16.0,3.0,6.0,0.0
16.0,3.0,6.0,0.0,28.0
1.0,0.0,0.0,0.0,0.0
1.0,0.0,0.0,0.0,0.0
1.0,0.0,1.0,4.0,0.0
1.0,4.0,0.0,3.0,3.0
4.0,0.0,3.0,3.0,5.0
1.0,0.0,0.0,0.0,0.0
1.0,0.0,4.0,2.0,1.0
4.0,2.0,1.0,0.0,9.0
2.0,1.0,0.0,9.0,0.0
1.0,1.0,0.0,0.0,0.0
1.0,0.0,0.0,0.0,0.0
1.0,0.0,0.0,0.0,0.0
1.0,0.0,0.0,0.0,0.0
5.0,0.0,0.0,0.0,0.0
2.0,4.0,0.0,0.0,0.0
4.0,0.0,0.0,0.0,4.0
3.0,0.0,0.0,2.0,7.0
2.0,0.0,0.0,0.0,0.0
1.0,0.0,2.0,0.0,0.0
2.0,0.0,0.0,1.0,2.0
1.0,0.0,0.0,0.0,1.0
1.0,0.0,0.0,0.0,0.0
1.0,0.0,0.0,0.0,2.0
1.0,0.0,0.0,3.0,2.0
1.0,0.0,0.0,2.0,0.0
1.0,5.0,4.0,5.0,8.0
5.0,4.0,5.0,8.0,10.0
4.0,5.0,8.0,10.0,10.0
1.0,0.0,5.0,4.0,8.0
5.0,4.0,8.0,6.0,14.0
4.0,8.0,6.0,14.0,44.0
8.0,6.0,14.0,44.0,46.0
6.0,14.0,44.0,46.0,60.0
14.0,44.0,46.0,60.0,77.0
44.0,46.0,60.0,77.0,56.0
46.0,60.0,77.0,56.0,61.0
60.0,77.0,56.0,61.0,121.0
77.0,56.0,61.0,121.0,0.0
56.0,61.0,121.0,0.0,301.0
61.0,121.0,0.0,301.0,155.0
121.0,0.0,301.0,155.0,176.0
301.0,155.0,176.0,278.0,292.0
155.0,176.0,278.0,292.0,346.0
176.0,278.0,292.0,346.0,409.0
278.0,292.0,346.0,409.0,534.0
292.0,346.0,409.0,534.0,637.0
5.0,2.0,5.0,2.0,1.0
2.0,5.0,2.0,1.0,6.0
1.0,0.0,2.0,3.0,12.0
2.0,3.0,12.0,9.0,6.0
3.0,12.0,9.0,6.0,12.0
12.0,9.0,6.0,12.0,8.0
1.0,0.0,1.0,0.0,0.0
1.0,0.0,1.0,0.0,0.0
1.0,0.0,0.0,2.0,0.0
2.0,0.0,0.0,0.0,0.0
1.0,0.0,0.0,0.0,0.0
1.0,0.0,2.0,3.0,0.0
1.0,0.0,0.0,1.0,0.0
1.0,0.0,1.0,0.0,0.0
1.0,0.0,0.0,0.0,0.0
1.0,0.0,4.0,1.0,1.0
4.0,1.0,1.0,2.0,0.0
1.0,1.0,2.0,0.0,3.0
1.0,2.0,0.0,3.0,2.0
2.0,0.0,3.0,2.0,14.0
2.0,0.0,3.0,0.0,1.0
2.0,-1.0,2.0,11.0,0.0
2.0,0.0,0.0,0.0,1.0
1.0,1.0,0.0,1.0,0.0
1.0,0.0,0.0,0.0,0.0
1.0,0.0,0.0,2.0,0.0
1.0,0.0,0.0,1.0,0.0
